night_date,timestamp,outdoor_temperature,outdoor_humidity,precipitation,wind_speed,inside_temperature,inside_humidity,sleep time,sleep_stage,sleep_score,elapsed_min,stage_numeric
2026-02-26,2026-02-27 00:32:00,11.35,85,3.45,5.66,20.8,53,4.8,Core,3,0.0,2
2026-02-26,2026-02-27 00:47:00,11.22,86,0.85,7.2,20.8,52,4.8,Deep,4,15.0,3
2026-02-26,2026-02-27 01:02:00,11.17,86,0.86,7.2,20.8,52,4.8,Deep,4,30.0,3
2026-02-26,2026-02-27 01:17:00,11.14,87,0.38,5.66,20.7,51,4.8,Core,3,45.0,2
2026-02-26,2026-02-27 01:32:00,11.09,87,0.56,5.66,20.7,51,4.8,REM,2,60.0,1
2026-02-26,2026-02-27 01:47:00,11.02,87,0.56,5.66,20.7,51,4.8,Core,3,75.0,2
2026-02-26,2026-02-27 02:02:00,10.94,87,0.14,5.66,20.4,51,4.8,Deep,4,90.0,3
2026-02-26,2026-02-27 02:17:00,10.79,88,0.3,6.17,20.3,51,4.8,Core,3,105.0,2
2026-02-26,2026-02-27 02:32:00,10.79,87,0.53,6.17,20.2,51,4.8,REM,2,120.0,1
2026-02-26,2026-02-27 02:47:00,10.76,88,1.15,4.47,20.1,51,4.8,Core,3,135.0,2
2026-02-26,2026-02-27 03:02:00,10.57,88,1.28,4.02,20.1,51,4.8,REM,2,150.0,1
2026-02-26,2026-02-27 03:17:00,10.6,88,0.75,5.36,20.1,52,4.8,Core,3,165.0,2
2026-02-26,2026-02-27 03:32:00,10.6,89,0.32,5.14,20.0,52,4.8,REM,2,180.0,1
2026-02-26,2026-02-27 03:48:00,10.46,89,0.37,4.02,20.0,52,4.8,Core,3,196.0,2
2026-02-26,2026-02-27 04:03:00,10.55,89,0.21,3.6,20.0,53,4.8,REM,2,211.0,1
2026-02-26,2026-02-27 04:18:00,10.44,89,0.16,5.14,20.0,53,4.8,Core,3,226.0,2
2026-02-26,2026-02-27 04:33:00,10.49,89,0.18,5.14,20.0,53,4.8,REM,2,241.0,1
2026-02-26,2026-02-27 04:48:00,10.49,89,0.0,5.14,20.0,53,4.8,Core,3,256.0,2
2026-02-26,2026-02-27 05:03:00,10.49,89,0.0,5.14,20.0,53,4.8,REM,2,271.0,1
2026-02-26,2026-02-27 05:18:00,10.4,89,0.24,5.14,20.0,53,4.8,Core,3,286.0,2
2026-02-27,2026-02-28 01:35:00,9.68,89,0.0,2.06,20.2,57,6.5,Core,3,0.0,2
2026-02-27,2026-02-28 01:50:00,9.66,89,0.0,2.57,20.3,57,6.5,Deep,4,15.0,3
2026-02-27,2026-02-28 02:05:00,9.61,89,0.0,2.57,20.3,57,6.5,Deep,4,30.0,3
2026-02-27,2026-02-28 02:20:00,9.4,89,0.0,3.6,20.4,57,6.5,Core,3,45.0,2
2026-02-27,2026-02-28 02:35:00,9.38,89,0.0,3.6,20.4,57,6.5,Deep,4,60.0,3
2026-02-27,2026-02-28 02:50:00,9.36,89,0.0,2.24,20.4,57,6.5,Core,3,75.0,2
2026-02-27,2026-02-28 03:05:00,9.28,89,0.0,2.06,20.4,57,6.5,REM,2,90.0,1
2026-02-27,2026-02-28 03:20:00,9.28,89,0.0,2.06,20.3,57,6.5,Core,3,105.0,2
2026-02-27,2026-02-28 03:35:00,9.28,89,0.0,2.06,20.3,56,6.5,REM,2,120.0,1
2026-02-27,2026-02-28 03:50:00,9.16,90,0.0,1.54,20.3,56,6.5,Core,3,135.0,2
2026-02-27,2026-02-28 04:05:00,9.2,91,0.56,1.54,20.3,56,6.5,REM,2,150.0,1
2026-02-27,2026-02-28 04:20:00,9.16,91,0.18,2.06,20.3,56,6.5,Core,3,165.0,2
2026-02-27,2026-02-28 04:35:00,9.2,91,0.0,2.06,20.3,55,6.5,Core,3,180.0,2
2026-02-27,2026-02-28 04:50:00,9.15,91,0.0,1.03,20.3,55,6.5,REM,2,195.0,1
2026-02-27,2026-02-28 05:05:00,9.15,92,0.0,1.03,20.2,55,6.5,Core,3,210.0,2
2026-02-27,2026-02-28 05:20:00,9.15,92,1.15,1.54,20.2,55,6.5,REM,2,225.0,1
2026-02-27,2026-02-28 05:35:00,9.15,92,4.86,1.54,20.2,55,6.5,Core,3,240.0,2
2026-02-27,2026-02-28 05:50:00,9.07,92,4.91,1.03,20.2,55,6.5,Core,3,255.0,2
2026-02-27,2026-02-28 06:05:00,8.9,92,0.0,2.68,20.2,55,6.5,REM,2,270.0,1
2026-02-27,2026-02-28 06:20:00,8.76,92,0.0,3.58,20.2,55,6.5,Core,3,285.0,2
2026-02-27,2026-02-28 06:35:00,8.45,91,0.0,4.02,20.1,55,6.5,REM,2,300.0,1
2026-02-27,2026-02-28 06:50:00,8.25,91,0.0,4.12,20.1,54,6.5,Core,3,315.0,2
2026-02-27,2026-02-28 07:05:00,8.03,91,0.0,4.12,20.0,54,6.5,REM,2,330.0,1
2026-02-27,2026-02-28 07:20:00,7.85,90,0.0,6.69,20.0,54,6.5,Core,3,345.0,2
2026-02-27,2026-02-28 07:35:00,7.02,90,0.0,3.13,20.0,54,6.5,REM,2,360.0,1
2026-02-28,2026-03-01 01:38:00,7.91,82,0.0,3.13,19.7,45,8.7,Core,3,0.0,2
2026-02-28,2026-03-01 01:53:00,7.9,83,0.0,3.6,19.8,44,8.7,Core,3,15.0,2
2026-02-28,2026-03-01 02:08:00,7.9,83,0.0,3.6,19.8,44,8.7,Deep,4,30.0,3
2026-02-28,2026-03-01 02:23:00,7.9,83,0.0,3.6,19.7,44,8.7,Deep,4,45.0,3
2026-02-28,2026-03-01 02:38:00,7.82,83,0.0,4.12,19.5,45,8.7,Core,3,60.0,2
2026-02-28,2026-03-01 02:53:00,7.86,83,0.0,4.12,19.2,45,8.7,Deep,4,75.0,3
2026-02-28,2026-03-01 03:08:00,7.91,83,0.0,4.12,18.9,45,8.7,Core,3,90.0,2
2026-02-28,2026-03-01 03:23:00,7.87,83,0.0,3.6,18.8,45,8.7,REM,2,105.0,1
2026-02-28,2026-03-01 03:38:00,7.84,83,0.0,3.6,18.7,46,8.7,Core,3,120.0,2
2026-02-28,2026-03-01 03:53:00,7.84,83,0.0,3.6,18.7,46,8.7,REM,2,135.0,1
2026-02-28,2026-03-01 04:08:00,7.91,83,0.0,3.6,18.6,46,8.7,Core,3,150.0,2
2026-02-28,2026-03-01 04:23:00,7.94,83,0.0,3.6,18.6,47,8.7,Deep,4,165.0,3
2026-02-28,2026-03-01 04:38:00,7.91,84,0.0,3.13,18.5,47,8.7,Core,3,180.0,2
2026-02-28,2026-03-01 04:53:00,7.91,84,0.0,3.09,18.5,47,8.7,REM,2,195.0,1
2026-02-28,2026-03-01 05:08:00,7.86,84,0.0,3.09,18.6,47,8.7,Core,3,210.0,2
2026-02-28,2026-03-01 05:23:00,7.95,85,0.0,4.12,18.6,47,8.7,REM,2,225.0,1
2026-02-28,2026-03-01 05:38:00,8.07,85,0.0,4.12,18.6,47,8.7,Core,3,240.0,2
2026-02-28,2026-03-01 05:53:00,8.31,85,0.0,3.09,18.7,47,8.7,Core,3,255.0,2
2026-02-28,2026-03-01 06:08:00,8.26,86,0.0,3.09,18.7,48,8.7,REM,2,270.0,1
2026-02-28,2026-03-01 06:23:00,8.37,86,0.0,3.13,18.7,48,8.7,Core,3,285.0,2
2026-02-28,2026-03-01 06:38:00,8.5,87,0.0,3.09,18.7,48,8.7,REM,2,300.0,1
2026-02-28,2026-03-01 06:53:00,8.57,87,0.0,4.12,18.7,48,8.7,Core,3,315.0,2
2026-02-28,2026-03-01 07:08:00,8.57,88,0.0,4.12,18.7,49,8.7,REM,2,330.0,1
2026-02-28,2026-03-01 07:23:00,8.52,89,0.0,4.63,18.7,50,8.7,Core,3,345.0,2
2026-02-28,2026-03-01 07:38:00,8.45,90,0.0,4.63,18.6,50,8.7,Core,3,360.0,2
2026-02-28,2026-03-01 07:54:00,8.56,91,0.0,4.63,18.6,51,8.7,REM,2,376.0,1
2026-02-28,2026-03-01 08:09:00,8.59,91,0.0,4.63,18.6,51,8.7,Core,3,391.0,2
2026-02-28,2026-03-01 08:24:00,8.96,90,0.0,4.12,18.6,52,8.7,REM,2,406.0,1
2026-02-28,2026-03-01 08:39:00,9.08,90,0.0,4.12,18.6,52,8.7,Core,3,421.0,2
2026-02-28,2026-03-01 08:54:00,9.43,89,0.0,4.12,18.6,52,8.7,REM,2,436.0,1
2026-02-28,2026-03-01 09:09:00,9.65,88,0.0,3.13,18.5,52,8.7,Core,3,451.0,2
2026-02-28,2026-03-01 09:24:00,9.93,87,0.0,4.47,18.6,52,8.7,Core,3,466.0,2
2026-02-28,2026-03-01 09:39:00,10.15,86,0.0,5.14,18.5,52,8.7,REM,2,481.0,1
2026-02-28,2026-03-01 09:54:00,10.29,86,0.0,5.14,18.6,52,8.7,Core,3,496.0,2
2026-02-28,2026-03-01 10:09:00,10.27,87,0.0,4.63,18.6,52,8.7,REM,2,511.0,1
2026-03-01,2026-03-02 02:41:00,9.68,81,0.0,5.66,18.8,45,6.3,Core,3,0.0,2
2026-03-01,2026-03-02 02:56:00,9.72,81,0.0,5.66,18.7,46,6.3,Deep,4,15.0,3
2026-03-01,2026-03-02 03:11:00,9.64,80,0.0,4.63,18.7,46,6.3,Core,3,30.0,2
2026-03-01,2026-03-02 03:26:00,9.61,80,0.0,4.63,18.7,46,6.3,Deep,4,45.0,3
2026-03-01,2026-03-02 03:41:00,9.52,81,0.0,5.14,18.6,46,6.3,Core,3,60.0,2
2026-03-01,2026-03-02 03:56:00,9.5,81,0.0,5.14,18.6,46,6.3,REM,2,75.0,1
2026-03-01,2026-03-02 04:11:00,9.48,81,0.0,4.63,18.6,47,6.3,Core,3,90.0,2
2026-03-01,2026-03-02 04:26:00,9.3,81,0.0,4.63,18.5,47,6.3,Deep,4,105.0,3
2026-03-01,2026-03-02 04:41:00,9.46,81,0.0,5.14,18.5,47,6.3,Core,3,120.0,2
2026-03-01,2026-03-02 04:56:00,9.35,81,0.0,5.14,18.6,47,6.3,Deep,4,135.0,3
2026-03-01,2026-03-02 05:11:00,9.21,81,0.0,4.12,18.6,47,6.3,Core,3,150.0,2
2026-03-01,2026-03-02 05:26:00,9.08,81,0.0,4.12,18.6,47,6.3,REM,2,165.0,1
2026-03-01,2026-03-02 05:41:00,8.96,81,0.0,3.13,18.7,47,6.3,Core,3,180.0,2
2026-03-01,2026-03-02 05:56:00,8.94,81,0.0,2.68,18.7,48,6.3,REM,2,195.0,1
2026-03-01,2026-03-02 06:11:00,8.87,81,0.0,3.6,18.7,48,6.3,Core,3,210.0,2
2026-03-01,2026-03-02 06:26:00,8.87,81,0.0,4.02,18.7,48,6.3,REM,2,225.0,1
2026-03-01,2026-03-02 06:41:00,8.87,81,0.0,4.02,18.7,49,6.3,Core,3,240.0,2
2026-03-01,2026-03-02 06:54:00,8.88,81,0.0,3.6,18.7,50,6.3,Core,3,253.0,2
2026-03-01,2026-03-02 06:55:00,8.88,81,0.0,3.6,18.6,50,6.3,REM,2,254.0,1
2026-03-01,2026-03-02 07:10:00,8.88,81,0.0,4.12,18.6,51,6.3,Core,3,269.0,2
2026-03-01,2026-03-02 07:25:00,8.88,81,0.0,4.12,18.6,52,6.3,REM,2,284.0,1
2026-03-01,2026-03-02 07:40:00,8.94,81,0.0,4.12,18.6,52,6.3,Core,3,299.0,2
2026-03-01,2026-03-02 07:55:00,8.85,81,0.0,4.12,18.6,52,6.3,Core,3,314.0,2
2026-03-01,2026-03-02 08:10:00,9.44,79,0.0,4.02,18.5,52,6.3,REM,2,329.0,1
2026-03-01,2026-03-02 08:25:00,9.64,79,0.0,3.09,18.6,52,6.3,Core,3,344.0,2
2026-03-02,2026-03-03 00:12:00,7.97,86,0.0,0.89,19.4,52,7.38,Core,3,0.0,2
2026-03-02,2026-03-03 00:27:00,7.93,87,0.0,0.89,19.4,52,7.38,Deep,4,15.0,3
2026-03-02,2026-03-03 00:42:00,7.68,87,0.0,0.51,19.4,52,7.38,Core,3,30.0,2
2026-03-02,2026-03-03 00:57:00,8.05,86,0.0,0.51,19.4,52,7.38,Deep,4,45.0,3
2026-03-02,2026-03-03 01:12:00,7.32,88,0.0,0.0,19.4,52,7.38,Core,3,60.0,2
2026-03-02,2026-03-03 01:27:00,7.75,87,0.0,0.45,19.4,52,7.38,REM,2,75.0,1
2026-03-02,2026-03-03 01:42:00,7.38,88,0.0,1.03,19.4,52,7.38,Core,3,90.0,2
2026-03-02,2026-03-03 01:57:00,6.83,89,0.0,1.03,19.4,52,7.38,Deep,4,105.0,3
2026-03-02,2026-03-03 02:12:00,6.82,90,0.0,0.51,19.5,52,7.38,Core,3,120.0,2
2026-03-02,2026-03-03 02:27:00,7.01,89,0.0,0.51,19.6,52,7.38,REM,2,135.0,1
2026-03-02,2026-03-03 02:42:00,6.82,89,0.0,1.03,19.7,52,7.38,Core,3,150.0,2
2026-03-02,2026-03-03 02:57:00,6.86,89,0.0,1.03,19.8,51,7.38,Core,3,165.0,2
2026-03-02,2026-03-03 03:12:00,6.89,90,0.0,1.54,19.9,51,7.38,REM,2,180.0,1
2026-03-02,2026-03-03 03:27:00,6.6,90,0.0,1.54,19.9,51,7.38,Core,3,195.0,2
2026-03-02,2026-03-03 03:42:00,7.05,88,0.0,1.03,19.9,51,7.38,REM,2,210.0,1
2026-03-02,2026-03-03 03:57:00,7.2,88,0.0,1.03,20.0,51,7.38,Core,3,225.0,2
2026-03-02,2026-03-03 04:12:00,7.18,89,0.0,0.45,20.0,51,7.38,Core,3,240.0,2
2026-03-02,2026-03-03 04:27:00,7.18,89,0.0,0.45,20.1,51,7.38,REM,2,255.0,1
2026-03-02,2026-03-03 04:42:00,7.51,88,0.0,1.03,20.1,51,7.38,Core,3,270.0,2
2026-03-02,2026-03-03 04:57:00,7.44,89,0.0,1.03,20.1,51,7.38,Core,3,285.0,2
2026-03-02,2026-03-03 05:13:00,7.66,89,0.0,1.03,20.1,50,7.38,REM,2,301.0,1
2026-03-02,2026-03-03 05:28:00,7.31,89,0.0,0.51,20.2,50,7.38,Core,3,316.0,2
2026-03-02,2026-03-03 05:43:00,6.99,90,0.0,0.89,20.2,50,7.38,Core,3,331.0,2
2026-03-02,2026-03-03 05:58:00,7.09,90,0.0,0.51,20.2,50,7.38,REM,2,346.0,1
2026-03-02,2026-03-03 06:13:00,6.79,90,0.0,1.54,20.2,51,7.38,Core,3,361.0,2
2026-03-02,2026-03-03 06:28:00,6.55,90,0.0,1.54,20.2,52,7.38,REM,2,376.0,1
2026-03-02,2026-03-03 06:43:00,6.5,90,0.0,1.03,20.3,52,7.38,Core,3,391.0,2
2026-03-02,2026-03-03 06:58:00,6.52,90,0.0,1.03,20.3,52,7.38,REM,2,406.0,1
2026-03-02,2026-03-03 07:13:00,6.47,91,0.0,1.03,20.4,52,7.38,Core,3,421.0,2
2026-03-03,2026-03-04 00:00:00,6.81,87,0.0,4.63,18.6,45,9.0,Core,3,0.0,2
2026-03-03,2026-03-04 00:15:00,6.64,88,0.0,4.12,18.6,46,9.0,Deep,4,15.0,3
2026-03-03,2026-03-04 00:30:00,6.57,88,0.0,4.12,18.7,46,9.0,Core,3,30.0,2
2026-03-03,2026-03-04 00:45:00,6.57,88,0.0,4.12,18.7,46,9.0,REM,2,45.0,1
2026-03-03,2026-03-04 01:00:00,6.45,89,0.0,4.12,18.7,46,9.0,Core,3,60.0,2
2026-03-03,2026-03-04 01:15:00,6.48,89,0.0,4.12,18.7,46,9.0,Deep,4,75.0,3
2026-03-03,2026-03-04 01:30:00,6.4,89,0.0,4.12,18.8,46,9.0,Deep,4,90.0,3
2026-03-03,2026-03-04 01:45:00,6.27,89,0.0,3.6,18.9,47,9.0,Core,3,105.0,2
2026-03-03,2026-03-04 02:00:00,6.27,90,0.0,3.6,20.0,47,9.0,REM,2,120.0,1
2026-03-03,2026-03-04 02:15:00,6.35,90,0.0,4.12,20.0,47,9.0,Core,3,135.0,2
2026-03-03,2026-03-04 02:30:00,6.19,90,0.0,4.12,20.1,47,9.0,Deep,4,150.0,3
2026-03-03,2026-03-04 02:45:00,6.29,89,0.0,4.12,20.2,47,9.0,Core,3,165.0,2
2026-03-03,2026-03-04 03:00:00,6.32,90,0.0,4.12,20.2,47,9.0,REM,2,180.0,1
2026-03-03,2026-03-04 03:15:00,6.36,89,0.0,4.12,20.2,48,9.0,Core,3,195.0,2
2026-03-03,2026-03-04 03:30:00,6.36,89,0.0,4.12,20.2,48,9.0,Core,3,210.0,2
2026-03-03,2026-03-04 03:45:00,6.37,90,0.0,3.6,20.3,48,9.0,REM,2,225.0,1
2026-03-03,2026-03-04 04:00:00,6.44,89,0.0,3.6,20.2,48,9.0,Core,3,240.0,2
2026-03-03,2026-03-04 04:15:00,6.33,90,0.0,4.12,20.3,48,9.0,Core,3,255.0,2
2026-03-03,2026-03-04 04:30:00,6.49,90,0.0,4.12,20.3,49,9.0,REM,2,270.0,1
2026-03-03,2026-03-04 04:45:00,6.37,91,0.0,2.68,20.3,49,9.0,Core,3,285.0,2
2026-03-03,2026-03-04 05:00:00,6.37,91,0.0,2.24,20.3,49,9.0,Core,3,300.0,2
2026-03-03,2026-03-04 05:15:00,6.53,91,0.0,2.06,20.4,50,9.0,REM,2,315.0,1
2026-03-03,2026-03-04 05:30:00,6.39,91,0.0,3.25,20.6,49,9.0,Core,3,330.0,2
2026-03-03,2026-03-04 05:45:00,6.41,91,0.0,3.21,20.7,49,9.0,Core,3,345.0,2
2026-03-03,2026-03-04 06:00:00,6.43,92,0.0,3.18,20.7,49,9.0,REM,2,360.0,1
2026-03-03,2026-03-04 06:15:00,6.45,92,0.0,3.14,20.7,49,9.0,Core,3,375.0,2
2026-03-03,2026-03-04 06:30:00,6.48,92,0.0,3.11,20.8,50,9.0,Core,3,390.0,2
2026-03-03,2026-03-04 06:45:00,6.5,92,0.0,3.08,20.8,50,9.0,REM,2,405.0,1
2026-03-03,2026-03-04 07:00:00,6.53,92,0.0,3.05,20.8,50,9.0,Core,3,420.0,2
2026-03-03,2026-03-04 07:15:00,6.57,93,0.0,3.02,20.8,50,9.0,Core,3,435.0,2
2026-03-03,2026-03-04 07:30:00,6.6,93,0.0,2.99,20.8,50,9.0,Core,3,450.0,2
2026-03-03,2026-03-04 07:45:00,6.64,93,0.0,2.96,20.8,50,9.0,Core,3,465.0,2
2026-03-03,2026-03-04 08:00:00,6.68,93,0.0,2.94,20.8,50,9.0,Core,3,480.0,2
2026-03-03,2026-03-04 08:15:00,6.72,93,0.0,2.92,20.8,50,9.0,Core,3,495.0,2
2026-03-03,2026-03-04 08:25:00,6.66,95,0.0,3.09,20.8,50,9.0,Core,3,505.0,2
2026-03-03,2026-03-04 08:40:00,6.82,93,0.0,3.09,20.8,50,9.0,Core,3,520.0,2
2026-03-04,2026-03-05 02:42:00,6.51,93,0.0,2.57,19.9,55,5.35,Core,3,0.0,2
2026-03-04,2026-03-05 02:57:00,6.26,93,0.0,2.57,20.0,55,5.35,Deep,4,15.0,3
2026-03-04,2026-03-05 03:12:00,6.4,92,0.0,2.57,20.3,54,5.35,Deep,4,30.0,3
2026-03-04,2026-03-05 03:27:00,6.2,93,0.0,2.06,20.7,53,5.35,Deep,4,45.0,3
2026-03-04,2026-03-05 03:42:00,6.21,92,0.0,2.57,21.1,52,5.35,Core,3,60.0,2
2026-03-04,2026-03-05 03:57:00,6.2,92,0.0,2.57,21.4,51,5.35,REM,2,75.0,1
2026-03-04,2026-03-05 04:12:00,5.95,95,0.0,3.09,21.5,50,5.35,Core,3,90.0,2
2026-03-04,2026-03-05 04:27:00,5.95,95,0.0,3.09,21.5,50,5.35,REM,2,105.0,1
2026-03-04,2026-03-05 04:42:00,5.76,93,0.0,2.57,21.4,50,5.35,Core,3,120.0,2
2026-03-04,2026-03-05 04:57:00,6.01,90,0.0,2.57,21.4,49,5.35,REM,2,135.0,1
2026-03-04,2026-03-05 05:12:00,5.95,91,0.0,2.06,20.7,48,5.35,Core,3,150.0,2
2026-03-04,2026-03-05 05:27:00,5.86,92,0.0,2.06,20.7,48,5.35,Core,3,165.0,2
2026-03-04,2026-03-05 05:42:00,5.87,91,0.0,2.06,20.7,48,5.35,REM,2,180.0,1
2026-03-04,2026-03-05 05:57:00,5.95,89,0.0,2.06,20.6,48,5.35,Core,3,195.0,2
2026-03-04,2026-03-05 06:12:00,6.23,88,0.0,2.57,20.6,48,5.35,REM,2,210.0,1
2026-03-04,2026-03-05 06:27:00,5.96,89,0.0,2.57,20.6,48,5.35,Core,3,225.0,2
2026-03-04,2026-03-05 06:42:00,5.87,90,0.0,2.06,20.5,48,5.35,Core,3,240.0,2
2026-03-04,2026-03-05 06:57:00,5.65,92,0.0,2.06,20.5,48,5.35,REM,2,255.0,1
2026-03-04,2026-03-05 07:12:00,5.68,92,0.0,2.57,20.4,48,5.35,Core,3,270.0,2
2026-03-04,2026-03-05 07:27:00,5.8,92,0.0,2.57,20.4,48,5.35,Core,3,285.0,2
2026-03-04,2026-03-05 07:42:00,6.2,89,0.0,1.54,20.3,48,5.35,Core,3,300.0,2
2026-03-05,2026-03-06 00:28:00,10.38,82,0.0,1.03,22.0,48,6.6,Core,3,0.0,2
2026-03-05,2026-03-06 00:43:00,10.42,83,0.0,2.06,21.9,48,6.6,Deep,4,15.0,3
2026-03-05,2026-03-06 00:58:00,10.31,83,0.0,2.06,21.9,48,6.6,Core,3,30.0,2
2026-03-05,2026-03-06 01:13:00,9.67,85,0.0,1.54,22.0,48,6.6,Deep,4,45.0,3
2026-03-05,2026-03-06 01:28:00,9.79,85,0.0,1.54,21.9,48,6.6,Deep,4,60.0,3
2026-03-05,2026-03-06 01:43:00,9.52,85,0.0,2.06,21.9,48,6.6,Core,3,75.0,2
2026-03-05,2026-03-06 01:58:00,9.32,86,0.0,2.06,21.8,48,6.6,REM,2,90.0,1
2026-03-05,2026-03-06 02:13:00,9.24,86,0.0,0.51,21.8,47,6.6,Core,3,105.0,2
2026-03-05,2026-03-06 02:28:00,8.99,88,0.0,0.51,21.7,47,6.6,Deep,4,120.0,3
2026-03-05,2026-03-06 02:43:00,8.9,88,0.0,0.51,21.6,47,6.6,Core,3,135.0,2
2026-03-05,2026-03-06 02:58:00,8.81,88,0.0,0.51,21.6,47,6.6,REM,2,150.0,1
2026-03-05,2026-03-06 03:13:00,8.77,88,0.0,1.03,21.6,47,6.6,Core,3,165.0,2
2026-03-05,2026-03-06 03:28:00,8.96,88,0.0,1.03,21.6,47,6.6,Core,3,180.0,2
2026-03-05,2026-03-06 03:43:00,9.03,88,0.0,0.51,21.6,47,6.6,Deep,4,195.0,3
2026-03-05,2026-03-06 03:58:00,9.24,87,0.0,0.51,21.5,47,6.6,Core,3,210.0,2
2026-03-05,2026-03-06 04:14:00,9.02,87,0.0,1.03,21.5,47,6.6,Deep,4,226.0,3
2026-03-05,2026-03-06 04:29:00,9.02,87,0.0,1.03,21.5,47,6.6,Core,3,241.0,2
2026-03-05,2026-03-06 04:44:00,8.88,88,0.0,1.03,21.4,47,6.6,REM,2,256.0,1
2026-03-05,2026-03-06 04:59:00,8.9,89,0.0,1.03,21.3,47,6.6,Core,3,271.0,2
2026-03-05,2026-03-06 05:14:00,9.04,89,0.0,0.51,21.3,47,6.6,Deep,4,286.0,3
2026-03-05,2026-03-06 05:29:00,9.36,88,0.0,0.51,21.2,48,6.6,Core,3,301.0,2
2026-03-05,2026-03-06 05:44:00,9.34,88,0.0,1.03,21.2,48,6.6,REM,2,316.0,1
2026-03-05,2026-03-06 05:59:00,9.5,88,0.0,1.03,21.2,47,6.6,Core,3,331.0,2
2026-03-05,2026-03-06 06:14:00,9.5,88,0.0,1.03,21.1,47,6.6,Core,3,346.0,2
2026-03-05,2026-03-06 06:29:00,9.32,88,0.0,1.03,21.2,47,6.6,Core,3,361.0,2
2026-03-05,2026-03-06 06:44:00,9.31,88,0.0,0.51,21.2,47,6.6,Core,3,376.0,2
2026-03-06,2026-03-07 00:01:00,7.38,90,0.0,3.09,22.5,44,5.97,Core,3,0.0,2
2026-03-06,2026-03-07 00:16:00,7.3,90,0.0,2.24,22.6,44,5.97,Deep,4,15.0,3
2026-03-06,2026-03-07 00:31:00,7.27,90,0.0,2.06,22.6,43,5.97,Deep,4,30.0,3
2026-03-06,2026-03-07 00:46:00,7.24,90,0.0,2.68,22.5,43,5.97,Core,3,45.0,2
2026-03-06,2026-03-07 01:01:00,7.15,90,0.0,2.57,22.3,43,5.97,Deep,4,60.0,3
2026-03-06,2026-03-07 01:16:00,7.08,91,0.0,2.57,22.1,43,5.97,Core,3,75.0,2
2026-03-06,2026-03-07 01:31:00,7.02,91,0.0,2.57,21.7,43,5.97,REM,2,90.0,1
2026-03-06,2026-03-07 01:46:00,7.17,91,0.0,3.09,21.6,44,5.97,Core,3,105.0,2
2026-03-06,2026-03-07 02:01:00,7.16,91,0.0,3.09,21.5,44,5.97,Deep,4,120.0,3
2026-03-06,2026-03-07 02:16:00,7.17,91,0.0,3.09,21.5,44,5.97,Core,3,135.0,2
2026-03-06,2026-03-07 02:31:00,6.99,93,0.0,2.06,21.4,44,5.97,REM,2,150.0,1
2026-03-06,2026-03-07 02:46:00,7.06,91,0.0,2.57,21.4,45,5.97,Core,3,165.0,2
2026-03-06,2026-03-07 03:01:00,7.14,91,0.0,2.57,21.4,45,5.97,Deep,4,180.0,3
2026-03-06,2026-03-07 03:16:00,7.13,91,0.0,2.06,21.4,45,5.97,Core,3,195.0,2
2026-03-06,2026-03-07 03:31:00,6.83,95,0.0,2.06,21.3,45,5.97,REM,2,210.0,1
2026-03-06,2026-03-07 03:46:00,7.05,93,0.0,3.09,21.3,45,5.97,Core,3,225.0,2
2026-03-06,2026-03-07 04:01:00,7.05,93,0.0,3.09,21.3,45,5.97,Deep,4,240.0,3
2026-03-06,2026-03-07 04:16:00,6.92,93,0.0,2.57,21.2,45,5.97,Core,3,255.0,2
2026-03-06,2026-03-07 04:31:00,6.88,93,0.0,2.57,21.1,45,5.97,Core,3,270.0,2
2026-03-06,2026-03-07 04:46:00,6.92,91,0.0,2.06,21.1,45,5.97,REM,2,285.0,1
2026-03-06,2026-03-07 05:01:00,6.73,91,0.0,2.06,21.1,45,5.97,Core,3,300.0,2
2026-03-06,2026-03-07 05:16:00,6.78,91,0.0,2.06,21.0,45,5.97,Core,3,315.0,2
2026-03-06,2026-03-07 05:31:00,6.7,91,0.0,2.68,21.0,45,5.97,Core,3,330.0,2
2026-03-06,2026-03-07 05:46:00,6.77,91,0.0,2.06,20.9,45,5.97,Core,3,345.0,2
