timestamp,temperature,humidity,precipitation,wind_speed
2026-03-01 22:00:00,10.4,81,0.0,22.0
2026-02-26 22:32:25,11.91,80,0.0,4.92
2026-02-26 22:47:26,11.86,80,0.0,6.17
2026-02-26 23:02:27,11.86,80,0.0,6.17
2026-02-26 23:17:29,11.83,80,0.0,5.66
2026-02-26 23:32:31,11.79,80,0.32,5.66
2026-02-26 23:47:33,11.76,81,0.8,6.69
2026-02-27 00:02:34,11.69,83,1.54,6.69
2026-02-27 00:17:36,11.59,84,2.84,5.66
2026-02-27 00:32:37,11.35,85,3.45,5.66
2026-02-27 00:47:39,11.22,86,0.85,7.2
2026-02-27 01:02:40,11.17,86,0.86,7.2
2026-02-27 01:17:42,11.14,87,0.38,5.66
2026-02-27 01:32:44,11.09,87,0.56,5.66
2026-02-27 01:47:46,11.02,87,0.56,5.66
2026-02-27 02:02:48,10.94,87,0.14,5.66
2026-02-27 02:17:49,10.79,88,0.3,6.17
2026-02-27 02:32:51,10.79,87,0.53,6.17
2026-02-27 02:47:53,10.76,88,1.15,4.47
2026-02-27 03:02:54,10.57,88,1.28,4.02
2026-02-27 03:17:56,10.6,88,0.75,5.36
2026-02-27 03:32:58,10.6,89,0.32,5.14
2026-02-27 03:48:00,10.46,89,0.37,4.02
2026-02-27 04:03:01,10.55,89,0.21,3.6
2026-02-27 04:18:03,10.44,89,0.16,5.14
2026-02-27 04:33:04,10.49,89,0.18,5.14
2026-02-27 04:48:05,10.49,89,0.0,5.14
2026-02-27 05:03:07,10.49,89,0.0,5.14
2026-02-27 05:18:08,10.4,89,0.24,5.14
2026-02-27 05:33:10,10.29,89,0.0,5.14
2026-02-27 05:48:12,10.42,89,0.0,4.63
2026-02-27 06:03:14,10.37,89,0.0,4.63
2026-02-27 06:18:16,10.49,89,0.0,5.14
2026-02-27 06:33:17,10.59,89,0.0,5.66
2026-02-27 06:48:18,10.54,89,0.0,5.66
2026-02-27 07:03:20,10.52,89,0.0,5.14
2026-02-27 07:18:22,10.59,89,0.0,5.14
2026-02-27 07:33:23,10.68,89,0.0,5.14
2026-02-27 07:48:25,10.79,89,0.0,5.14
2026-02-27 08:03:27,10.82,89,0.0,5.14
2026-02-27 08:18:28,10.82,89,0.0,5.66
2026-02-27 08:33:30,10.89,89,0.0,5.66
2026-02-27 08:48:31,11.04,89,0.0,4.63
2026-02-27 09:03:32,11.17,88,0.0,5.66
2026-02-27 09:18:34,11.29,88,0.0,5.66
2026-02-27 09:33:36,11.43,88,0.0,5.66
2026-02-27 09:48:38,11.55,88,0.0,5.66
2026-02-27 10:03:39,11.62,88,0.0,5.66
2026-02-27 10:18:40,11.74,88,0.0,5.14
2026-02-27 10:33:42,11.8,88,0.0,5.14
2026-02-27 10:48:43,12.06,88,0.0,6.71
2026-02-27 11:03:45,12.13,88,0.0,5.66
2026-02-27 11:18:47,12.25,88,0.0,5.14
2026-02-27 11:33:49,12.29,88,0.0,5.14
2026-02-27 11:48:52,12.4,87,0.0,5.66
2026-02-27 12:03:53,12.43,87,0.0,5.66
2026-02-27 12:18:55,12.5,87,0.0,5.66
2026-02-27 12:33:56,12.54,87,0.0,5.66
2026-02-27 12:48:57,12.7,87,0.0,5.66
2026-02-27 13:03:59,12.77,86,0.0,5.66
2026-02-27 13:19:01,12.86,86,0.0,5.66
2026-02-27 13:34:03,12.85,85,0.0,5.66
2026-02-27 13:49:05,12.92,85,0.0,5.14
2026-02-27 14:04:06,13.22,85,0.0,5.14
2026-02-27 14:19:07,13.23,84,0.0,4.63
2026-02-27 14:34:09,13.19,84,0.0,5.66
2026-02-27 14:49:10,13.17,84,0.0,5.66
2026-02-27 15:04:12,13.29,84,0.0,5.66
2026-02-27 15:19:14,13.27,84,0.0,3.6
2026-02-27 15:34:16,13.19,85,0.0,3.6
2026-02-27 15:49:17,13.09,86,0.0,4.12
2026-02-27 16:04:19,13.11,85,0.0,4.12
2026-02-27 16:19:20,13.11,85,0.0,4.63
2026-02-27 16:34:21,13.05,85,0.0,4.92
2026-02-27 16:49:23,13.02,84,0.0,4.12
2026-02-27 17:04:25,12.81,84,0.0,4.12
2026-02-27 17:19:27,12.71,83,0.0,4.12
2026-02-27 17:34:29,12.7,82,0.0,4.12
2026-02-27 17:49:30,12.4,81,0.0,4.02
2026-02-27 18:04:32,12.24,81,0.0,4.02
2026-02-27 18:19:33,12.11,81,0.0,4.63
2026-02-27 18:34:34,11.7,82,0.0,4.02
2026-02-27 18:49:36,11.67,83,0.0,4.63
2026-02-27 19:04:39,11.29,84,0.0,4.63
2026-02-27 19:19:40,11.19,83,0.0,4.12
2026-02-27 19:34:42,11.13,84,0.0,4.12
2026-02-27 19:49:44,10.97,86,0.0,2.57
2026-02-27 20:04:45,10.99,86,0.0,2.68
2026-02-27 20:19:46,10.74,87,0.0,2.57
2026-02-27 20:34:48,10.56,88,0.0,2.57
2026-02-27 20:49:50,10.6,88,0.0,2.57
2026-02-27 21:04:52,10.52,89,0.42,3.09
2026-02-27 21:19:54,10.52,89,2.8,4.02
2026-02-27 21:34:55,10.37,89,4.44,3.58
2026-02-27 21:49:56,10.34,89,0.0,3.6
2026-02-27 22:04:58,10.28,88,0.0,3.6
2026-02-27 22:20:00,10.28,87,0.0,3.09
2026-02-27 22:35:02,9.99,88,0.0,2.24
2026-02-27 22:50:04,9.97,88,0.0,3.09
2026-02-27 23:05:05,9.95,88,0.0,3.09
2026-02-27 23:20:07,9.9,88,0.0,3.09
2026-02-27 23:35:08,9.8,89,0.0,3.09
2026-02-27 23:50:09,9.94,88,0.0,3.09
2026-02-28 00:05:11,9.94,88,0.0,3.09
2026-02-28 00:20:12,9.99,89,0.0,3.09
2026-02-28 00:35:14,9.86,89,0.0,3.09
2026-02-28 00:50:16,9.89,89,0.0,2.57
2026-02-28 01:05:18,9.82,89,0.0,2.57
2026-02-28 01:20:19,9.71,90,0.0,2.06
2026-02-28 01:35:21,9.68,89,0.0,2.06
2026-02-28 01:50:22,9.66,89,0.0,2.57
2026-02-28 02:05:24,9.61,89,0.0,2.57
2026-02-28 02:20:26,9.4,89,0.0,3.6
2026-02-28 02:35:27,9.38,89,0.0,3.6
2026-02-28 02:50:29,9.36,89,0.0,2.24
2026-02-28 03:05:30,9.28,89,0.0,2.06
2026-02-28 03:20:32,9.28,89,0.0,2.06
2026-02-28 03:35:33,9.28,89,0.0,2.06
2026-02-28 03:50:34,9.16,90,0.0,1.54
2026-02-28 04:05:36,9.2,91,0.56,1.54
2026-02-28 04:20:38,9.16,91,0.18,2.06
2026-02-28 04:35:40,9.2,91,0.0,2.06
2026-02-28 04:50:42,9.15,91,0.0,1.03
2026-02-28 05:05:43,9.15,92,0.0,1.03
2026-02-28 05:20:45,9.15,92,1.15,1.54
2026-02-28 05:35:46,9.15,92,4.86,1.54
2026-02-28 05:50:47,9.07,92,4.91,1.03
2026-02-28 06:05:49,8.9,92,0.0,2.68
2026-02-28 06:20:51,8.76,92,0.0,3.58
2026-02-28 06:35:53,8.45,91,0.0,4.02
2026-02-28 06:50:54,8.25,91,0.0,4.12
2026-02-28 07:05:56,8.03,91,0.0,4.12
2026-02-28 07:20:57,7.85,90,0.0,6.69
2026-02-28 07:35:58,7.02,90,0.0,3.13
2026-02-28 07:51:00,7.02,89,0.0,6.17
2026-02-28 08:06:02,6.76,89,0.0,6.17
2026-02-28 08:21:04,6.49,88,0.0,5.81
2026-02-28 08:36:05,6.46,88,0.0,3.13
2026-02-28 08:51:07,6.64,88,0.0,7.72
2026-02-28 09:06:08,6.92,87,0.0,7.2
2026-02-28 09:21:10,7.06,87,0.0,7.2
2026-02-28 09:36:11,7.33,87,0.0,7.2
2026-02-28 09:51:13,7.56,87,0.3,6.69
2026-02-28 10:06:15,7.49,87,0.21,6.69
2026-02-28 10:21:17,7.79,86,0.0,6.17
2026-02-28 10:36:19,8.09,86,0.0,6.17
2026-02-28 10:51:20,8.44,84,0.0,6.69
2026-02-28 11:06:21,8.64,82,0.0,6.69
2026-02-28 11:21:23,8.76,81,0.0,6.69
2026-02-28 11:36:25,9,80,0.0,6.69
2026-02-28 11:51:27,9.4,77,0.0,8.75
2026-02-28 12:06:29,9.55,75,0.0,6.69
2026-02-28 12:21:30,9.63,75,0.0,6.69
2026-02-28 12:36:31,10.01,73,0.0,6.69
2026-02-28 12:51:33,10.03,71,0.0,7.2
2026-02-28 13:06:34,10.29,71,0.0,7.2
2026-02-28 13:21:35,10.3,70,0.0,6.69
2026-02-28 13:36:37,10.4,70,0.0,6.69
2026-02-28 13:51:39,10.3,70,0.0,6.69
2026-02-28 14:06:41,10.51,66,0.0,5.14
2026-02-28 14:21:42,10.54,65,0.0,5.14
2026-02-28 14:36:44,10.51,63,0.0,5.14
2026-02-28 14:51:45,10.65,61,0.0,5.66
2026-02-28 15:06:46,10.64,59,0.0,6.17
2026-02-28 15:21:48,10.62,59,0.0,6.17
2026-02-28 15:36:50,10.5,59,0.0,6.17
2026-02-28 15:51:52,10.48,59,0.0,5.66
2026-02-28 16:06:53,10.27,59,0.0,6.17
2026-02-28 16:21:55,10.32,59,0.0,6.17
2026-02-28 16:36:57,10.36,59,0.0,6.17
2026-02-28 16:51:58,10.04,60,0.0,5.14
2026-02-28 17:07:00,9.75,58,0.0,5.14
2026-02-28 17:22:02,9.73,57,0.0,5.14
2026-02-28 17:37:03,9.56,57,0.0,5.14
2026-02-28 17:52:04,9.29,55,0.0,5.66
2026-02-28 18:07:06,9.18,56,0.0,5.66
2026-02-28 18:22:07,8.91,55,0.0,5.14
2026-02-28 18:37:09,8.34,56,0.0,6.17
2026-02-28 18:52:11,8.36,57,0.0,6.17
2026-02-28 19:07:13,7.75,60,0.0,5.14
2026-02-28 19:22:14,7.78,60,0.0,5.14
2026-02-28 19:37:16,7.38,62,0.0,5.14
2026-02-28 19:52:18,6.82,65,0.0,3.09
2026-02-28 20:07:20,6.52,68,0.0,2.57
2026-02-28 20:22:22,6.43,71,0.0,1.79
2026-02-28 20:37:24,6.44,73,0.0,0.89
2026-02-28 20:52:26,6.33,72,0.0,2.24
2026-02-28 21:07:29,6.42,75,0.0,2.06
2026-02-28 21:22:31,6.5,77,0.0,2.57
2026-02-28 21:37:33,6.63,77,0.0,2.57
2026-02-28 21:52:35,6.81,79,0.0,2.06
2026-02-28 22:07:37,6.87,79,0.0,2.06
2026-02-28 22:22:40,7.1,79,0.0,2.57
2026-02-28 22:37:42,7.24,79,0.0,2.68
2026-02-28 22:52:43,7.3,79,0.0,2.68
2026-02-28 23:07:45,7.24,79,0.0,2.57
2026-02-28 23:22:46,7.45,80,0.0,2.24
2026-02-28 23:37:47,7.41,81,0.0,2.06
2026-02-28 23:52:49,7.59,80,0.0,2.68
2026-03-01 00:07:50,7.52,81,0.0,2.68
2026-03-01 00:22:52,7.53,81,0.0,2.68
2026-03-01 00:37:53,7.55,81,0.0,3.13
2026-03-01 00:52:54,7.77,81,0.0,2.68
2026-03-01 01:07:56,7.76,82,0.0,3.09
2026-03-01 01:22:57,7.85,82,0.0,3.09
2026-03-01 01:38:00,7.91,82,0.0,3.13
2026-03-01 01:53:02,7.9,83,0.0,3.6
2026-03-01 02:08:06,7.9,82,0.0,3.6
2026-03-01 02:23:08,7.9,83,0.0,3.6
2026-03-01 02:38:10,7.82,83,0.0,4.12
2026-03-01 02:53:13,7.86,83,0.0,4.12
2026-03-01 03:08:15,7.91,83,0.0,4.12
2026-03-01 03:23:17,7.87,83,0.0,3.6
2026-03-01 03:38:20,7.84,83,0.0,3.6
2026-03-01 03:53:22,7.84,83,0.0,3.6
2026-03-01 04:08:25,7.91,83,0.0,3.6
2026-03-01 04:23:28,7.94,83,0.0,3.6
2026-03-01 04:38:30,7.91,84,0.0,3.13
2026-03-01 04:53:33,7.91,84,0.0,3.09
2026-03-01 05:08:35,7.86,84,0.0,3.09
2026-03-01 05:23:38,7.95,85,0.0,4.12
2026-03-01 05:38:40,8.07,85,0.0,4.12
2026-03-01 05:53:42,8.31,85,0.0,3.09
2026-03-01 06:08:45,8.26,86,0.0,3.09
2026-03-01 06:23:47,8.37,86,0.0,3.13
2026-03-01 06:38:49,8.5,87,0.0,3.09
2026-03-01 06:53:52,8.57,87,0.0,4.12
2026-03-01 07:08:54,8.57,88,0.0,4.12
2026-03-01 07:23:57,8.52,89,0.0,4.63
2026-03-01 07:38:59,8.45,90,0.0,4.63
2026-03-01 07:54:01,8.56,91,0.0,4.63
2026-03-01 08:09:03,8.59,91,0.0,4.63
2026-03-01 08:24:06,8.96,90,0.0,4.12
2026-03-01 08:39:08,9.08,90,0.0,4.12
2026-03-01 08:54:10,9.43,89,0.0,4.12
2026-03-01 09:09:12,9.65,88,0.0,3.13
2026-03-01 09:24:15,9.93,87,0.0,4.47
2026-03-01 09:39:17,10.15,86,0.0,5.14
2026-03-01 09:54:19,10.29,86,0.0,5.14
2026-03-01 10:09:21,10.27,87,0.0,4.63
2026-03-01 10:24:24,10.3,87,0.2,4.92
2026-03-01 10:39:26,10.19,88,0.0,4.12
2026-03-01 10:54:28,10.29,87,0.17,4.12
2026-03-01 11:09:31,10.47,88,0.0,4.63
2026-03-01 11:24:33,10.51,88,0.0,4.63
2026-03-01 11:39:36,10.57,89,0.0,5.14
2026-03-01 11:54:38,10.8,88,0.0,5.14
2026-03-01 12:09:41,11.15,88,0.0,5.14
2026-03-01 12:24:42,11.17,88,0.0,5.14
2026-03-01 12:39:45,11.13,88,0.0,5.14
2026-03-01 12:54:47,11.39,88,0.0,5.14
2026-03-01 13:09:50,11.56,89,0.49,5.66
2026-03-01 13:24:51,11.59,89,0.0,5.66
2026-03-01 13:39:53,11.98,86,0.0,5.14
2026-03-01 13:54:55,12.27,85,0.0,5.14
2026-03-01 14:09:57,12.35,83,0.0,5.36
2026-03-01 14:24:58,12.63,81,0.0,5.66
2026-03-01 14:40:00,12.74,79,0.0,5.66
2026-03-01 14:55:01,12.87,77,0.0,6.17
2026-03-01 15:10:02,12.79,78,0.0,6.17
2026-03-01 15:25:03,12.53,78,0.0,6.17
2026-03-01 15:40:05,12.44,79,0.13,5.66
2026-03-01 15:55:06,12.41,80,0.0,5.66
2026-03-01 16:10:07,12.28,80,0.0,6.17
2026-03-01 16:25:09,12.18,80,0.0,6.17
2026-03-01 16:40:10,12.11,80,0.0,5.81
2026-03-01 16:55:11,12,81,0.0,5.14
2026-03-01 17:10:12,11.73,81,0.0,6.17
2026-03-01 17:25:15,11.66,81,0.0,6.17
2026-03-01 17:40:16,11.62,82,0.0,5.14
2026-03-01 17:55:17,11.61,82,0.0,5.14
2026-03-01 18:10:18,11.41,84,0.0,5.66
2026-03-01 18:25:19,11.23,84,0.0,5.66
2026-03-01 18:40:21,11.04,86,0.0,5.66
2026-03-01 18:55:22,11.04,86,0.0,5.66
2026-03-01 19:10:23,10.95,88,0.0,4.63
2026-03-01 19:25:25,10.91,88,0.0,4.63
2026-03-01 19:40:26,10.94,87,0.0,4.63
2026-03-01 19:55:27,11.01,87,0.0,4.63
2026-03-01 20:10:28,11.01,86,0.0,4.63
2026-03-01 20:25:30,11.08,86,0.0,4.63
2026-03-01 20:40:31,11.08,85,0.0,5.14
2026-03-01 20:55:32,11,85,0.0,5.14
2026-03-01 21:10:33,10.98,85,0.0,5.14
2026-03-01 21:25:35,11.04,84,0.0,5.14
2026-03-01 21:40:36,11.05,82,0.0,5.14
2026-03-01 21:55:37,11.04,82,0.0,5.36
2026-03-01 22:10:39,11.05,81,0.0,5.66
2026-03-01 22:25:40,11.05,80,0.0,5.66
2026-03-01 22:40:41,11.05,80,0.0,5.36
2026-03-01 22:55:42,11,80,0.0,5.81
2026-03-01 23:10:44,10.95,80,0.0,4.63
2026-03-01 23:25:45,10.88,79,0.0,4.63
2026-03-01 23:40:46,10.77,79,0.0,5.14
2026-03-01 23:55:47,10.74,79,0.0,5.36
2026-03-02 00:10:48,10.6,78,0.0,5.14
2026-03-02 00:25:50,10.47,79,0.0,5.36
2026-03-02 00:40:51,10.43,79,0.0,5.14
2026-03-02 00:55:52,10.4,79,0.0,4.63
2026-03-02 01:10:53,10.35,79,0.0,4.63
2026-03-02 01:25:55,10.05,80,0.0,4.63
2026-03-02 01:40:56,9.96,80,0.0,4.63
2026-03-02 01:55:57,9.92,80,0.0,4.12
2026-03-02 02:10:59,9.87,80,0.0,4.12
2026-03-02 02:26:00,9.75,81,0.0,4.12
2026-03-02 02:41:01,9.68,81,0.0,5.66
2026-03-02 02:56:02,9.72,81,0.0,5.66
2026-03-02 03:11:03,9.64,80,0.0,4.63
2026-03-02 03:26:05,9.61,80,0.0,4.63
2026-03-02 03:41:06,9.52,81,0.0,5.14
2026-03-02 03:56:07,9.5,81,0.0,5.14
2026-03-02 04:11:09,9.48,81,0.0,4.63
2026-03-02 04:26:10,9.3,81,0.0,4.63
2026-03-02 04:41:11,9.46,81,0.0,5.14
2026-03-02 04:56:13,9.35,81,0.0,5.14
2026-03-02 05:11:14,9.21,81,0.0,4.12
2026-03-02 05:26:15,9.08,81,0.0,4.12
2026-03-02 05:41:17,8.96,81,0.0,3.13
2026-03-02 05:56:18,8.94,81,0.0,2.68
2026-03-02 06:11:19,8.87,81,0.0,3.6
2026-03-02 06:26:20,8.87,81,0.0,4.02
2026-03-02 06:41:22,8.87,81,0.0,4.02
2026-03-02 06:54:55,8.88,81,0.0,3.6
2026-03-02 06:55:37,8.88,81,0.0,3.6
2026-03-02 07:10:39,8.88,81,0.0,4.12
2026-03-02 07:25:40,8.88,81,0.0,4.12
2026-03-02 07:40:41,8.94,81,0.0,4.12
2026-03-02 07:55:42,8.85,81,0.0,4.12
2026-03-02 08:10:43,9.44,79,0.0,4.02
2026-03-02 08:25:44,9.64,79,0.0,3.09
2026-03-02 08:40:46,10.02,78,0.0,3.09
2026-03-02 08:55:47,10.45,77,0.0,5.14
2026-03-02 09:10:48,11.05,76,0.0,5.14
2026-03-02 09:25:49,11.38,75,0.0,5.14
2026-03-02 09:40:50,11.74,74,0.0,4.63
2026-03-02 09:55:51,12.03,72,0.0,4.63
2026-03-02 10:10:53,12.24,72,0.0,4.63
2026-03-02 10:25:54,12.77,70,0.0,5.14
2026-03-02 10:40:55,13.21,69,0.0,4.63
2026-03-02 10:55:56,13.54,67,0.0,4.63
2026-03-02 11:10:58,13.79,67,0.0,3.6
2026-03-02 11:25:59,14.18,66,0.0,3.6
2026-03-02 11:41:02,14.22,65,0.0,3.6
2026-03-02 11:56:04,14.4,64,0.0,3.6
2026-03-02 12:11:05,14.88,63,0.0,3.6
2026-03-02 12:26:06,15.23,62,0.0,4.63
2026-03-02 12:41:08,15.58,61,0.0,4.63
2026-03-02 12:56:09,15.61,60,0.0,4.02
2026-03-02 13:11:10,15.82,60,0.0,4.63
2026-03-02 13:26:11,15.81,61,0.0,4.63
2026-03-02 13:41:12,15.88,60,0.0,4.12
2026-03-02 13:56:14,16,59,0.0,4.12
2026-03-02 14:11:15,16.17,59,0.0,4.12
2026-03-02 14:26:16,16.07,60,0.0,4.12
2026-03-02 14:41:17,16,59,0.0,4.12
2026-03-02 14:56:18,16.04,59,0.0,4.63
2026-03-02 15:11:20,15.99,59,0.0,3.6
2026-03-02 15:26:21,16.02,59,0.0,3.6
2026-03-02 15:41:22,15.7,59,0.0,3.6
2026-03-02 15:56:23,15.67,59,0.0,3.6
2026-03-02 16:11:25,15.39,61,0.0,3.6
2026-03-02 16:26:26,15.31,61,0.0,4.02
2026-03-02 16:41:28,14.92,62,0.0,4.47
2026-03-02 16:56:29,14.4,64,0.0,4.12
2026-03-02 17:11:31,14.16,64,0.0,4.12
2026-03-02 17:26:32,13.83,66,0.0,4.63
2026-03-02 17:41:33,13.4,67,0.0,3.13
2026-03-02 17:56:35,13.27,67,0.0,3.58
2026-03-02 18:11:36,12.81,68,0.0,3.09
2026-03-02 18:26:38,12.66,68,0.0,3.58
2026-03-02 18:41:39,12.39,69,0.0,3.09
2026-03-02 18:56:41,12.32,70,0.0,3.09
2026-03-02 19:11:42,11.79,72,0.0,2.24
2026-03-02 19:26:43,11.79,72,0.0,2.68
2026-03-02 19:41:45,11.52,72,0.0,1.34
2026-03-02 19:56:46,11.51,73,0.0,1.03
2026-03-02 20:11:47,10.98,74,0.0,2.06
2026-03-02 20:26:49,10.8,75,0.0,2.06
2026-03-02 20:41:50,10.28,77,0.0,0.89
2026-03-02 20:56:52,10,78,0.0,1.34
2026-03-02 21:11:53,9.85,78,0.0,1.34
2026-03-02 21:26:54,9.77,79,0.0,1.03
2026-03-02 21:41:55,9.54,79,0.0,1.34
2026-03-02 21:56:56,9.39,80,0.0,0.89
2026-03-02 22:11:57,9.02,81,0.0,1.34
2026-03-02 22:26:59,8.74,82,0.0,1.34
2026-03-02 22:42:01,8.76,82,0.0,1.34
2026-03-02 22:57:03,8.68,83,0.0,1.79
2026-03-02 23:12:05,8.57,84,0.0,1.34
2026-03-02 23:27:07,8.36,84,0.0,1.03
2026-03-02 23:42:09,8.18,85,0.0,0.89
2026-03-02 23:57:12,8.24,85,0.0,0.89
2026-03-03 00:12:14,7.97,86,0.0,0.89
2026-03-03 00:27:16,7.93,87,0.0,0.89
2026-03-03 00:42:19,7.68,87,0.0,0.51
2026-03-03 00:57:21,8.05,86,0.0,0.51
2026-03-03 01:12:24,7.32,88,0.0,0
2026-03-03 01:27:26,7.75,87,0.0,0.45
2026-03-03 01:42:28,7.38,88,0.0,1.03
2026-03-03 01:57:31,6.83,89,0.0,1.03
2026-03-03 02:12:32,6.82,90,0.0,0.51
2026-03-03 02:27:35,7.01,89,0.0,0.51
2026-03-03 02:42:37,6.82,89,0.0,1.03
2026-03-03 02:57:39,6.86,89,0.0,1.03
2026-03-03 03:12:41,6.89,90,0.0,1.54
2026-03-03 03:27:43,6.6,90,0.0,1.54
2026-03-03 03:42:46,7.05,88,0.0,1.03
2026-03-03 03:57:48,7.2,88,0.0,1.03
2026-03-03 04:12:51,7.18,89,0.0,0.45
2026-03-03 04:27:53,7.18,89,0.0,0.45
2026-03-03 04:42:55,7.51,88,0.0,1.03
2026-03-03 04:57:58,7.44,89,0.0,1.03
2026-03-03 05:13:00,7.66,89,0.0,1.03
2026-03-03 05:28:03,7.31,89,0.0,0.51
2026-03-03 05:43:05,6.99,90,0.0,0.89
2026-03-03 05:58:08,7.09,90,0.0,0.51
2026-03-03 06:13:10,6.79,90,0.0,1.54
2026-03-03 06:28:12,6.55,90,0.0,1.54
2026-03-03 06:43:15,6.5,90,0.0,1.03
2026-03-03 06:58:17,6.52,90,0.0,1.03
2026-03-03 07:13:19,6.47,91,0.0,1.03
2026-03-03 07:28:21,6.65,91,0.0,1.03
2026-03-03 07:43:23,6.99,91,0.0,1.03
2026-03-03 07:58:26,7.38,90,0.0,1.03
2026-03-03 08:13:28,7.62,90,0.0,1.54
2026-03-03 08:28:30,7.94,89,0.0,1.54
2026-03-03 08:43:32,8.24,88,0.0,2.06
2026-03-03 08:58:34,8.62,87,0.0,2.06
2026-03-03 09:13:36,9.15,86,0.0,1.34
2026-03-03 09:28:38,9.46,86,0.0,1.79
2026-03-03 09:43:41,10.34,82,0.0,3.13
2026-03-03 09:58:43,11.5,76,0.0,2.68
2026-03-03 10:13:45,11.69,74,0.0,3.09
2026-03-03 10:28:48,11.89,73,0.0,3.58
2026-03-03 10:43:50,12.27,72,0.0,4.12
2026-03-03 10:58:52,12.52,72,0.0,3.13
2026-03-03 11:13:54,12.99,69,0.0,4.63
2026-03-03 11:28:56,13.3,68,0.0,1.79
2026-03-03 11:43:59,13.34,68,0.0,1.34
2026-03-03 11:59:01,13.52,69,0.0,2.68
2026-03-03 12:14:03,13.66,67,0.0,3.6
2026-03-03 12:29:05,13.72,66,0.0,3.6
2026-03-03 12:44:06,13.59,68,0.0,4.63
2026-03-03 12:59:08,13.98,67,0.0,4.63
2026-03-03 13:14:09,13.91,67,0.0,4.63
2026-03-03 13:29:11,13.86,66,0.0,4.63
2026-03-03 13:44:12,14.11,65,0.0,4.63
2026-03-03 13:59:14,14.23,65,0.0,4.63
2026-03-03 14:14:16,14.62,63,0.0,4.63
2026-03-03 14:29:17,14.73,62,0.0,4.63
2026-03-03 14:44:19,14.54,63,0.0,4.63
2026-03-03 14:59:21,14.55,62,0.0,4.63
2026-03-03 15:14:23,14.28,65,0.0,2.24
2026-03-03 15:29:25,14.33,64,0.0,2.24
2026-03-03 15:44:27,13.97,64,0.0,5.66
2026-03-03 15:59:28,13.66,65,0.0,5.66
2026-03-03 16:14:31,13.34,66,0.0,2.24
2026-03-03 16:29:32,13.17,66,0.0,5.14
2026-03-03 16:44:33,12.73,67,0.0,2.24
2026-03-03 16:59:35,12.42,68,0.0,3.58
2026-03-03 17:14:36,12.05,69,0.0,6.17
2026-03-03 17:29:38,11.39,70,0.0,6.17
2026-03-03 17:44:39,11.02,71,0.0,5.66
2026-03-03 17:59:40,10.66,72,0.0,5.66
2026-03-03 18:14:42,10.54,72,0.0,5.14
2026-03-03 18:29:43,10.19,73,0.0,5.14
2026-03-03 18:44:44,9.98,73,0.0,5.14
2026-03-03 18:59:46,9.62,74,0.0,5.66
2026-03-03 19:14:47,9.65,74,0.0,4.63
2026-03-03 19:29:48,9.34,74,0.0,4.63
2026-03-03 19:44:49,9.29,73,0.0,4.63
2026-03-03 19:59:51,9.26,74,0.0,4.63
2026-03-03 20:14:52,9.1,74,0.0,4.12
2026-03-03 20:29:53,8.96,74,0.0,4.12
2026-03-03 20:44:55,8.89,76,0.0,5.14
2026-03-03 20:59:56,8.84,76,0.0,5.14
2026-03-03 21:14:57,8.58,77,0.0,4.63
2026-03-03 21:29:58,8.41,78,0.0,4.63
2026-03-03 21:45:00,8.22,80,0.0,4.12
2026-03-03 22:00:01,8.14,80,0.0,4.12
2026-03-03 22:15:02,7.9,82,0.0,5.14
2026-03-03 22:30:04,7.7,83,0.0,5.14
2026-03-03 22:45:04,7.53,84,0.0,5.14
2026-03-03 23:00:06,7.25,85,0.0,5.14
2026-03-03 23:15:07,7.17,86,0.0,4.63
2026-03-03 23:30:09,7.15,86,0.0,4.63
2026-03-03 23:45:11,6.88,87,0.0,4.63
2026-03-04 00:00:13,6.81,87,0.0,4.63
2026-03-04 00:15:16,6.64,88,0.0,4.12
2026-03-04 00:30:17,6.57,88,0.0,4.12
2026-03-04 00:45:20,6.57,88,0.0,4.12
2026-03-04 01:00:22,6.45,89,0.0,4.12
2026-03-04 01:15:24,6.48,89,0.0,4.12
2026-03-04 01:30:27,6.4,89,0.0,4.12
2026-03-04 01:45:29,6.27,89,0.0,3.6
2026-03-04 02:00:31,6.27,90,0.0,3.6
2026-03-04 02:15:33,6.35,90,0.0,4.12
2026-03-04 02:30:35,6.19,90,0.0,4.12
2026-03-04 02:45:37,6.29,89,0.0,4.12
2026-03-04 03:00:39,6.32,90,0.0,4.12
2026-03-04 03:15:42,6.36,89,0.0,4.12
2026-03-04 03:30:43,6.36,89,0.0,4.12
2026-03-04 03:45:45,6.37,90,0.0,3.6
2026-03-04 04:00:47,6.44,89,0.0,3.6
2026-03-04 04:15:49,6.33,90,0.0,4.12
2026-03-04 04:30:52,6.49,90,0.0,4.12
2026-03-04 04:45:54,6.37,91,0.0,2.68
2026-03-04 05:00:56,6.37,91,0.0,2.24
2026-03-04 05:15:58,6.53,91,0.0,2.06
2026-03-04 08:25:08,6.66,95,0.0,3.09
2026-03-04 08:40:09,6.82,93,0.0,3.09
2026-03-04 20:56:22,7.97,92,0.0,4.63
2026-03-04 21:11:23,7.97,93,0.0,5.66
2026-03-04 21:26:25,7.9,93,0.0,5.66
2026-03-04 21:41:26,7.91,93,0.0,4.63
2026-03-04 21:56:28,7.87,93,0.0,4.63
2026-03-04 22:11:30,7.92,92,0.0,5.66
2026-03-04 22:26:32,7.93,92,0.0,5.66
2026-03-04 22:41:34,7.93,92,0.0,5.66
2026-03-04 22:56:35,7.91,93,0.0,4.63
2026-03-04 23:11:37,7.9,93,0.0,3.6
2026-03-04 23:26:38,7.9,93,0.0,3.6
2026-03-04 23:41:40,7.89,92,0.0,4.12
2026-03-04 23:56:42,7.92,91,0.0,4.12
2026-03-05 00:11:44,7.89,91,0.0,4.12
2026-03-05 00:26:46,7.27,93,0.0,3.6
2026-03-05 00:41:47,7.26,93,0.0,3.6
2026-03-05 00:56:49,7.41,92,0.0,3.6
2026-03-05 01:11:50,7.34,92,0.0,3.6
2026-03-05 01:26:52,7.25,93,0.0,2.57
2026-03-05 01:41:55,6.82,93,0.0,3.09
2026-03-05 01:56:57,6.65,93,0.0,3.09
2026-03-05 02:11:58,6.86,92,0.0,3.09
2026-03-05 02:27:00,6.73,93,0.0,2.57
2026-03-05 02:42:01,6.51,93,0.0,2.57
2026-03-05 02:57:03,6.26,93,0.0,2.57
2026-03-05 03:12:05,6.4,92,0.0,2.57
2026-03-05 03:27:07,6.2,93,0.0,2.06
2026-03-05 03:42:09,6.21,92,0.0,2.57
2026-03-05 03:57:10,6.2,92,0.0,2.57
2026-03-05 04:12:12,5.95,95,0.0,3.09
2026-03-05 04:27:13,5.95,95,0.0,3.09
2026-03-05 04:42:15,5.76,93,0.0,2.57
2026-03-05 04:57:17,6.01,90,0.0,2.57
2026-03-05 05:12:19,5.95,91,0.0,2.06
2026-03-05 05:27:21,5.86,92,0.0,2.06
2026-03-05 05:42:23,5.87,91,0.0,2.06
2026-03-05 05:57:25,5.95,89,0.0,2.06
2026-03-05 06:12:26,6.23,88,0.0,2.57
2026-03-05 06:27:28,5.96,89,0.0,2.57
2026-03-05 06:42:30,5.87,90,0.0,2.06
2026-03-05 06:57:32,5.65,92,0.0,2.06
2026-03-05 07:12:33,5.68,92,0.0,2.57
2026-03-05 07:27:35,5.8,92,0.0,2.57
2026-03-05 07:42:37,6.2,89,0.0,1.54
2026-03-05 07:57:38,6.68,90,0.0,1.54
2026-03-05 08:12:39,6.77,91,0.0,1.54
2026-03-05 08:27:42,7.07,92,0.0,1.54
2026-03-05 08:42:44,8.59,88,0.0,2.06
2026-03-05 08:57:46,8.87,83,0.0,2.06
2026-03-05 20:58:07,12.88,74,0.0,1.54
2026-03-05 21:13:09,12.35,75,0.0,2.57
2026-03-05 21:28:10,12.1,76,0.0,2.57
2026-03-05 21:43:12,12.18,76,0.0,2.06
2026-03-05 21:58:14,11.86,77,0.0,2.06
2026-03-05 22:13:16,11.68,79,0.0,1.54
2026-03-05 22:28:18,11.62,78,0.0,1.54
2026-03-05 22:43:20,11.27,80,0.0,1.03
2026-03-05 22:58:22,11.31,80,0.0,1.03
2026-03-05 23:13:23,11.07,81,0.0,1.03
2026-03-05 23:28:25,10.9,81,0.0,1.03
2026-03-05 23:43:27,10.98,81,0.0,1.03
2026-03-05 23:58:29,10.92,82,0.0,1.54
2026-03-06 00:13:31,10.75,82,0.0,1.03
2026-03-06 00:28:33,10.38,82,0.0,1.03
2026-03-06 00:43:34,10.42,83,0.0,2.06
2026-03-06 00:58:36,10.31,83,0.0,2.06
2026-03-06 01:13:38,9.67,85,0.0,1.54
2026-03-06 01:28:40,9.79,85,0.0,1.54
2026-03-06 01:43:43,9.52,85,0.0,2.06
2026-03-06 01:58:44,9.32,86,0.0,2.06
2026-03-06 02:13:46,9.24,86,0.0,0.51
2026-03-06 02:28:48,8.99,88,0.0,0.51
2026-03-06 02:43:50,8.9,88,0.0,0.51
2026-03-06 02:58:52,8.81,88,0.0,0.51
2026-03-06 03:13:54,8.77,88,0.0,1.03
2026-03-06 03:28:56,8.96,88,0.0,1.03
2026-03-06 03:43:58,9.03,88,0.0,0.51
2026-03-06 03:58:59,9.24,87,0.0,0.51
2026-03-06 04:14:01,9.02,87,0.0,1.03
2026-03-06 04:29:03,9.02,87,0.0,1.03
2026-03-06 04:44:06,8.88,88,0.0,1.03
2026-03-06 04:59:07,8.9,89,0.0,1.03
2026-03-06 05:14:09,9.04,89,0.0,0.51
2026-03-06 05:29:10,9.36,88,0.0,0.51
2026-03-06 05:44:12,9.34,88,0.0,1.03
2026-03-06 05:59:14,9.5,88,0.0,1.03
2026-03-06 06:14:16,9.5,88,0.0,1.03
2026-03-06 06:29:18,9.32,88,0.0,1.03
2026-03-06 06:44:20,9.31,88,0.0,0.51
2026-03-06 06:59:22,9.06,88,0.0,0.89
2026-03-06 07:14:23,8.99,87,0.0,1.34
2026-03-06 07:29:25,8.77,88,0.0,0.89
2026-03-06 07:44:27,8.74,89,0.0,1.03
2026-03-06 07:59:29,8.71,89,0.0,2.24
2026-03-06 08:14:31,8.76,88,0.0,1.54
2026-03-06 08:29:33,8.76,89,0.0,1.79
2026-03-06 08:44:34,8.81,89,0.0,2.57
2026-03-06 08:59:36,8.75,89,0.0,2.57
2026-03-06 09:14:38,8.57,89,0.0,3.09
2026-03-06 09:29:40,8.71,89,0.0,3.09
2026-03-06 09:44:42,8.75,89,0.0,3.09
2026-03-06 09:59:44,8.77,88,0.0,3.09
2026-03-06 10:14:45,8.89,88,0.0,3.6
2026-03-06 10:29:47,8.94,87,0.0,3.6
2026-03-06 10:44:48,9.15,87,0.0,3.09
2026-03-06 10:59:50,9.35,86,0.0,3.09
2026-03-06 11:14:51,9.46,86,0.0,3.09
2026-03-06 11:29:53,9.53,85,0.0,2.06
2026-03-06 11:44:55,9.61,85,0.0,3.09
2026-03-06 11:59:56,9.88,84,0.0,3.09
2026-03-06 12:14:58,9.98,84,0.0,2.06
2026-03-06 12:29:59,10.07,83,0.0,2.24
2026-03-06 12:45:01,10.09,83,0.23,2.68
2026-03-06 13:00:02,10.34,83,1,2.57
2026-03-06 13:15:04,10.13,84,0.21,2.06
2026-03-06 13:30:06,10.02,85,0.72,2.06
2026-03-06 13:45:08,9.76,86,0.87,2.06
2026-03-06 14:00:09,9.74,87,7.49,2.06
2026-03-06 14:15:11,9.68,88,3.78,2.06
2026-03-06 14:30:12,9.44,86,1.96,2.06
2026-03-06 14:45:14,9.2,88,1.03,2.57
2026-03-06 15:00:16,9.27,88,1.41,2.57
2026-03-06 15:15:18,9.2,89,1.69,2.57
2026-03-06 15:30:19,9.18,89,1.03,2.57
2026-03-06 15:45:21,9.04,90,0.65,2.24
2026-03-06 16:00:23,8.77,90,0.5,2.06
2026-03-06 16:15:24,8.74,89,0.35,2.06
2026-03-06 16:30:25,8.7,90,0.87,2.06
2026-03-06 16:45:27,8.76,90,0.9,2.57
2026-03-06 17:00:29,8.72,90,1.15,2.57
2026-03-06 17:15:31,8.7,90,2.37,2.57
2026-03-06 17:30:33,8.42,89,2.62,2.57
2026-03-06 17:45:35,8.32,90,0.49,1.54
2026-03-06 18:00:37,8.36,90,0.49,1.54
2026-03-06 18:15:38,8.32,90,1.09,1.54
2026-03-06 18:30:40,8.23,90,0.12,2.24
2026-03-06 18:45:42,8.19,91,0.0,2.06
2026-03-06 19:00:44,8.12,91,0.0,2.06
2026-03-06 19:15:45,8.09,91,0.0,1.54
2026-03-06 19:30:46,8.1,91,0.0,1.54
2026-03-06 19:45:48,7.84,91,0.12,1.54
2026-03-06 20:00:49,7.77,93,0.0,2.24
2026-03-06 20:15:51,7.59,92,0.0,1.54
2026-03-06 20:30:53,7.59,92,0.0,1.79
2026-03-06 20:45:55,7.56,93,0.0,2.06
2026-03-06 21:00:56,7.62,92,0.65,2.06
2026-03-06 21:15:57,7.62,92,0.72,2.06
2026-03-06 21:30:59,7.74,91,0.0,2.06
2026-03-06 21:46:00,7.64,91,0.0,2.06
2026-03-06 22:01:02,7.64,91,3.16,2.06
2026-03-06 22:16:03,7.64,91,0.41,2.57
2026-03-06 22:31:05,7.66,91,0.0,2.57
2026-03-06 22:46:07,7.64,91,0.0,3.09
2026-03-06 23:01:08,7.52,91,0.0,3.09
2026-03-06 23:16:09,7.52,90,0.0,3.09
2026-03-06 23:31:11,7.39,91,0.0,3.09
2026-03-06 23:46:12,7.34,90,0.0,3.09
2026-03-07 00:01:14,7.38,90,0.0,3.09
2026-03-07 00:16:15,7.3,90,0.0,2.24
2026-03-07 00:31:17,7.27,90,0.0,2.06
2026-03-07 00:46:19,7.24,90,0.0,2.68
2026-03-07 01:01:21,7.15,90,0.0,2.57
2026-03-07 01:16:23,7.08,91,0.0,2.57
2026-03-07 01:31:24,7.02,91,0.0,2.57
2026-03-07 01:46:26,7.17,91,0.0,3.09
2026-03-07 02:01:28,7.16,91,0.0,3.09
2026-03-07 02:16:30,7.17,91,0.0,3.09
2026-03-07 02:31:32,6.99,93,0.0,2.06
2026-03-07 02:46:34,7.06,91,0.0,2.57
2026-03-07 03:01:35,7.14,91,0.0,2.57
2026-03-07 03:16:37,7.13,91,0.0,2.06
2026-03-07 03:31:38,6.83,95,0.0,2.06
2026-03-07 03:46:40,7.05,93,0.0,3.09
2026-03-07 04:01:41,7.05,93,0.0,3.09
2026-03-07 04:16:44,6.92,93,0.0,2.57
2026-03-07 04:31:46,6.88,93,0.0,2.57
2026-03-07 04:46:47,6.92,91,0.0,2.06
2026-03-07 05:01:49,6.73,91,0.0,2.06
2026-03-07 05:16:50,6.78,91,0.0,2.06
2026-03-07 05:31:52,6.7,91,0.0,2.68
2026-03-07 05:46:53,6.77,91,0.0,2.06
2026-03-07 06:01:55,6.68,91,0.0,2.06
2026-03-07 06:16:58,6.57,92,0.0,2.06
2026-03-07 06:31:59,6.61,92,0.0,2.06
2026-03-07 06:47:00,6.59,92,0.0,2.06
2026-03-07 07:02:02,6.72,92,0.0,2.24
2026-03-07 07:17:04,6.72,92,0.0,2.57
2026-03-07 07:32:06,6.83,93,0.0,2.57
2026-03-07 07:47:08,7.05,93,0.0,2.57
2026-03-07 08:02:10,7.12,91,0.0,2.68
2026-03-07 08:17:11,7.04,94,0.0,2.68
2026-03-07 08:32:13,7.04,94,0.0,2.57
2026-03-07 08:47:15,7.09,94,0.0,3.09
2026-03-07 09:02:16,7.07,94,0.0,3.09
2026-03-07 09:17:19,7.29,95,0.0,3.6
2026-03-07 09:32:21,7.41,93,0.0,3.6
2026-03-07 09:47:23,7.61,93,0.0,3.09
2026-03-07 10:02:24,7.6,93,0.0,3.09
2026-03-07 10:17:26,7.67,93,0.0,3.6
2026-03-07 10:32:27,7.79,92,0.0,3.6
2026-03-07 10:47:29,7.99,92,0.0,3.09
2026-03-07 11:02:31,8.12,93,0.0,3.09
2026-03-07 11:17:33,8.17,92,0.0,3.09
2026-03-07 11:32:35,8.19,92,0.0,3.09
2026-03-07 11:47:36,8.29,92,0.0,4.12
2026-03-07 12:02:38,8.38,92,0.0,4.12
2026-03-07 12:17:39,8.36,91,0.0,3.6
2026-03-07 12:32:40,8.36,91,0.0,3.6
2026-03-07 12:47:43,8.5,91,0.0,3.6
2026-03-07 13:02:45,8.59,91,0.0,3.6
2026-03-07 13:17:47,8.67,91,0.0,3.09
2026-03-07 13:32:48,8.73,91,0.0,3.09
2026-03-07 13:47:50,8.74,90,0.0,3.09
2026-03-07 14:02:52,8.75,90,0.0,3.09
2026-03-07 14:17:53,8.89,90,0.0,3.09
2026-03-07 14:32:56,8.88,89,0.0,3.09
2026-03-07 14:47:57,9.01,89,0.0,4.12
2026-03-07 15:02:59,9.02,89,0.0,4.12
2026-03-07 15:18:00,8.88,89,0.0,4.12
2026-03-07 21:59:02,8.37,92,0.0,3.09
2026-03-07 22:14:04,8.37,92,0.0,2.06
2026-03-07 22:29:05,8.32,92,0.0,2.06
2026-03-07 22:44:07,8.32,92,0.0,3.09
2026-03-07 22:59:09,8.3,93,0.0,3.09
2026-03-07 23:14:11,8.26,92,0.0,3.6
2026-03-07 23:29:14,8.31,92,0.0,3.6
2026-03-07 23:44:16,8.33,92,0.0,3.6
2026-03-07 23:59:18,8.33,92,0.0,3.6
2026-03-08 00:14:20,8.33,92,0.0,2.57
2026-03-08 00:29:22,8.2,92,0.0,2.57
2026-03-08 00:44:24,8.18,92,0.0,3.6
2026-03-08 00:59:27,8.19,93,0.0,3.6
2026-03-08 01:14:28,8.16,93,0.0,3.6
2026-03-08 01:29:30,7.98,92,0.0,3.6
2026-03-08 01:44:31,7.96,93,0.0,3.6
2026-03-08 01:59:32,7.98,92,0.0,3.6
2026-03-08 02:14:34,7.98,93,0.0,3.6
2026-03-08 02:29:36,7.98,93,0.0,3.6
2026-03-08 02:44:38,7.87,92,0.0,3.6
2026-03-08 02:59:39,7.95,92,0.0,3.6
2026-03-08 03:14:41,7.88,92,0.0,4.12
2026-03-08 03:29:43,7.91,93,0.0,4.12
2026-03-08 03:44:44,7.91,93,0.0,3.6
2026-03-08 03:59:46,7.91,93,0.0,3.6
2026-03-08 04:14:48,7.81,93,0.0,5.66
2026-03-08 04:29:50,7.69,93,0.0,5.66
2026-03-08 04:44:52,7.69,93,0.0,5.14
2026-03-08 04:59:53,7.69,93,0.0,5.14
2026-03-08 05:14:55,7.68,93,0.0,4.12
2026-03-08 05:29:56,7.57,93,0.0,4.12
2026-03-08 05:44:58,7.49,94,0.0,4.63
2026-03-08 06:00:00,7.46,94,0.0,4.63
2026-03-08 06:15:02,7.45,94,0.0,5.14
2026-03-08 06:30:04,7.4,94,0.0,5.14
2026-03-08 06:45:05,7.34,94,0.0,4.63
2026-03-08 07:00:06,7.4,94,0.0,4.63
2026-03-08 07:15:08,7.37,94,0.0,3.6
2026-03-08 07:30:09,7.37,94,0.0,3.6
2026-03-08 07:45:11,7.35,94,0.0,3.6
2026-03-08 08:00:12,7.38,94,0.0,3.6
2026-03-08 08:15:14,7.36,94,0.0,4.63
2026-03-08 08:30:16,7.36,94,0.0,4.63
2026-03-08 08:45:17,7.42,94,0.0,4.12
2026-03-08 09:00:19,7.51,93,0.0,4.12
2026-03-08 09:15:20,7.5,94,0.0,4.12
2026-03-08 09:30:22,7.6,93,0.0,4.12
2026-03-08 09:45:23,7.71,93,0.0,4.12
2026-03-08 10:00:25,7.73,93,0.0,4.12
2026-03-08 10:15:27,7.78,93,0.0,4.12
2026-03-08 10:30:29,7.8,93,0.0,4.12
2026-03-08 10:45:30,8.12,92,0.0,3.6
2026-03-08 11:00:32,8.16,93,0.0,3.6
2026-03-08 11:15:33,8.28,93,0.0,4.12
2026-03-08 11:30:35,8.29,93,0.0,4.12
2026-03-08 11:45:37,8.69,91,0.0,3.6
2026-03-08 12:00:39,8.69,91,0.0,3.6
2026-03-08 12:15:40,8.87,90,0.0,3.6
2026-03-08 12:30:42,8.84,95,0.0,3.6
2026-03-08 12:45:43,8.82,95,0.0,3.6
2026-03-08 13:00:45,8.84,93,0.0,3.6
2026-03-08 13:15:46,8.93,93,0.0,3.6
2026-03-08 13:30:48,8.93,93,0.0,3.6
2026-03-08 13:45:49,8.91,93,0.0,3.6
2026-03-08 14:00:51,9.09,93,0.0,3.6
2026-03-08 14:15:52,9.09,93,0.0,4.12
2026-03-08 14:30:53,9.09,93,0.0,4.12
2026-03-08 14:45:55,9.09,93,0.0,2.57
2026-03-08 15:00:56,9.09,93,0.0,2.57
2026-03-08 15:15:57,9.16,93,0.0,3.09
2026-03-08 15:30:59,9.16,93,0.0,3.09
2026-03-08 15:46:01,9.16,93,0.0,2.57
2026-03-08 16:01:03,9.13,93,0.0,2.57
2026-03-08 16:16:04,8.49,100,0.0,3.09
2026-03-08 16:31:06,8.49,100,0.0,3.09
2026-03-08 16:46:07,8.95,86,0.0,2.57
2026-03-08 17:01:09,8.95,86,0.0,2.57
2026-03-08 17:16:10,8.91,86,0.0,2.57
2026-03-08 17:31:13,8.91,86,0.0,2.57
2026-03-08 17:46:15,8.65,90,0.0,3.09
2026-03-08 18:01:17,8.66,90,0.0,3.09
2026-03-08 18:16:19,8.74,90,0.0,2.06
2026-03-08 18:31:20,8.7,90,0.0,2.06
2026-03-08 18:46:21,8.7,90,0.0,2.06
2026-03-08 19:01:23,8.61,90,0.0,2.06
2026-03-08 19:16:24,8.53,90,0.0,2.57
2026-03-08 19:31:26,8.53,90,0.0,2.57
2026-03-08 19:46:27,8.54,90,0.0,2.06
2026-03-08 20:01:28,8.54,90,0.0,2.06
2026-03-08 20:16:29,8.5,90,0.0,2.57
2026-03-08 20:31:31,8.54,90,0.0,2.57
2026-03-08 20:46:32,8.5,90,0.0,2.06
2026-03-08 21:01:33,8.48,90,0.0,2.06
2026-03-08 21:16:35,8.48,90,0.0,1.54
2026-03-08 21:31:36,8.45,90,0.0,1.54
2026-03-08 21:46:38,8.41,91,0.0,2.06
2026-03-08 22:01:39,8.4,91,0.0,2.06
2026-03-08 22:16:40,8.4,90,0.0,2.06
2026-03-08 22:31:41,8.4,90,0.0,2.06
2026-03-08 22:46:43,8.4,90,0.0,2.06
2026-03-08 23:01:44,8.29,90,0.0,1.54
2026-03-08 23:16:46,8.31,90,0.0,2.06
2026-03-08 23:31:47,8.33,90,0.0,2.06
2026-03-08 23:46:49,8.33,90,0.0,2.57
2026-03-09 00:01:50,8.33,90,0.0,2.57
2026-03-09 00:16:52,8.25,90,0.0,1.54
2026-03-09 00:31:54,8.25,90,0.0,1.54
2026-03-09 00:46:56,8.28,90,0.0,2.06
2026-03-09 01:01:58,8.26,90,0.0,2.06
2026-03-09 01:16:59,8.28,90,0.0,2.06
2026-03-09 01:32:00,8.25,90,0.0,2.06
2026-03-09 01:47:02,8.21,90,0.0,2.06
2026-03-09 02:02:04,8.19,90,0.0,2.06
2026-03-09 02:17:06,8.14,89,0.0,2.06
2026-03-09 02:32:08,8.12,89,0.0,2.06
2026-03-09 02:47:09,7.96,90,0.0,1.54
2026-03-09 03:02:11,7.95,89,0.0,1.54
2026-03-09 03:17:12,7.87,90,0.0,2.06
2026-03-09 03:32:13,7.74,90,0.0,2.06
2026-03-09 03:47:16,7.6,90,0.0,1.54
2026-03-09 04:02:17,7.65,90,0.0,1.54
2026-03-09 04:17:19,7.64,91,0.0,2.06
2026-03-09 04:32:21,7.54,91,0.0,2.06
2026-03-09 04:47:22,7.52,91,0.0,1.54
2026-03-09 05:02:24,7.51,91,0.0,1.54
2026-03-09 05:17:25,7.49,91,0.0,1.54
2026-03-09 05:32:28,7.49,91,0.0,1.54
2026-03-09 05:47:29,7.49,92,0.0,2.06
2026-03-09 06:02:31,7.48,92,0.0,2.06
2026-03-09 06:17:33,7.44,92,0.0,2.06
2026-03-09 06:32:34,7.29,93,0.0,2.06
2026-03-09 06:47:36,7.29,93,0.0,1.54
2026-03-09 07:02:37,7.23,93,0.0,1.54
2026-03-09 07:17:39,7.44,93,0.0,2.06
2026-03-09 07:32:41,7.2,94,0.0,2.06
2026-03-09 07:47:43,7.32,93,0.0,1.54
2026-03-09 08:02:45,7.38,93,0.0,1.54
2026-03-09 08:17:46,7.41,93,0.0,1.54
2026-03-09 08:32:48,7.52,93,0.0,1.54
2026-03-09 08:47:49,7.57,93,0.0,1.54
2026-03-09 09:02:51,7.62,93,0.0,1.54
2026-03-09 09:17:52,7.7,93,0.0,1.54
2026-03-09 23:08:26,9.86,90,0.0,1.54
2026-03-09 23:23:28,9.85,90,0.0,2.24
2026-03-09 23:38:29,9.71,90,0.0,1.34
2026-03-09 23:53:31,9.39,90,0.0,0.89
2026-03-10 00:08:32,9.3,90,0.0,3.13
2026-03-10 00:23:34,9.23,91,0.0,4.02
2026-03-10 00:38:35,9.08,91,0.0,3.58
2026-03-10 00:53:37,8.93,91,0.0,3.58
2026-03-10 01:08:38,8.91,92,0.0,2.68
2026-03-10 01:23:39,8.98,91,0.0,5.14
2026-03-10 01:38:41,8.93,91,0.0,5.14
2026-03-10 01:53:42,8.98,91,0.0,2.57
2026-03-10 02:08:44,9.01,91,0.0,2.57
2026-03-10 02:23:45,9.01,91,0.0,2.68
2026-03-10 02:38:47,9.12,91,0.0,2.57
2026-03-10 02:53:48,9.11,91,0.0,3.13
2026-03-10 03:08:49,9.14,90,0.0,2.57
2026-03-10 03:23:51,9.22,90,0.0,2.57
2026-03-10 03:38:52,9.28,90,0.0,2.57
2026-03-10 03:53:54,9.31,90,0.0,5.14
2026-03-10 04:08:55,9.21,90,0.0,3.09
2026-03-10 04:23:56,9.17,90,0.0,3.09
2026-03-10 04:38:58,9.15,90,0.0,3.09
2026-03-10 04:53:59,9.1,89,0.0,1.54
2026-03-10 05:09:01,9.17,89,0.0,2.24
2026-03-10 05:24:02,8.9,90,0.0,1.54
2026-03-10 05:39:04,8.96,90,0.0,1.54
2026-03-10 05:54:05,8.43,91,0.0,1.54
2026-03-10 06:09:07,8.35,91,0.0,1.54
2026-03-10 06:24:08,8.52,91,0.0,2.06
2026-03-10 06:39:09,8.79,91,0.0,1.54
2026-03-10 06:54:11,8.86,91,0.0,1.54
2026-03-10 07:09:12,8.87,91,0.0,1.79
2026-03-10 07:24:14,9.07,91,0.0,2.06
2026-03-10 07:39:16,9.15,91,0.0,2.06
2026-03-10 07:54:17,9.24,90,0.0,2.24
2026-03-10 08:09:18,9.35,91,0.0,1.54
2026-03-10 08:24:20,9.61,90,0.0,3.13
2026-03-10 08:39:21,9.74,88,0.0,3.58
2026-03-10 08:54:23,9.84,88,0.0,3.13
2026-03-10 09:09:24,9.94,87,0.0,2.57
2026-03-10 23:59:40,10.29,86,0.55,6.71
2026-03-11 00:14:42,10.18,86,0.0,6.69
2026-03-11 00:29:43,10.25,86,0.0,7.15
2026-03-11 00:44:44,10.2,86,0.0,5.36
2026-03-11 00:59:45,10.11,87,0.85,5.81
2026-03-11 01:14:47,10.06,87,0.0,7.2
2026-03-11 01:29:48,10.03,88,0.15,7.2
2026-03-11 01:44:49,9.99,88,0.18,6.17
2026-03-11 01:59:50,9.68,90,0.34,6.17
2026-03-11 02:14:51,9.67,90,0.0,6.17
2026-03-11 02:29:53,9.75,90,0.0,6.17
2026-03-11 02:44:54,9.85,90,0.21,5.66
2026-03-11 02:59:55,9.85,91,0.17,5.66
2026-03-11 03:14:56,9.8,91,0.15,5.36
2026-03-11 03:29:58,9.94,91,0.37,5.14
2026-03-11 03:44:59,10.03,92,0.0,5.14
2026-03-11 04:00:00,10.05,91,0.15,5.14
2026-03-11 04:15:01,10.08,91,0.0,6.69
2026-03-11 04:30:03,10.11,92,0.0,6.69
2026-03-11 04:45:04,10.35,91,0.0,5.14
2026-03-11 05:00:05,10.43,92,0.42,5.14
2026-03-11 05:15:06,10.46,91,0.0,4.63
2026-03-11 05:30:07,10.33,92,0.0,4.63
2026-03-11 05:45:09,10.25,89,0.0,5.14
2026-03-11 06:00:10,10.16,88,0.0,5.14
2026-03-11 06:15:11,9.67,85,0.0,4.47
2026-03-11 06:30:12,9.63,85,0.0,2.68
2026-03-11 06:45:14,9.34,84,0.0,6.17
2026-03-11 07:00:15,9.18,84,0.0,6.17
2026-03-11 07:15:16,9.14,84,0.0,7.2
2026-03-11 07:30:17,9.24,83,0.0,7.2
2026-03-11 07:45:19,9.24,83,0.0,6.17
2026-03-11 08:00:20,9.34,82,0.0,6.17
2026-03-11 08:15:21,9.4,82,0.0,6.17
2026-03-11 08:30:22,9.46,81,0.0,6.17
2026-03-11 08:45:23,9.49,81,0.0,6.17
2026-03-11 09:00:25,9.88,79,0.0,7.2
2026-03-11 09:15:26,10.2,77,0.0,6.17
2026-03-11 09:30:27,10.47,75,0.0,6.17
2026-03-11 09:45:29,10.74,72,0.0,7.72
2026-03-11 10:00:30,10.62,70,0.0,7.72
2026-03-11 10:15:31,10.95,68,0.0,7.72
2026-03-11 10:30:33,11.01,67,0.0,7.72
2026-03-11 10:45:34,11.26,66,0.0,6.69
2026-03-11 11:00:36,11.4,65,0.0,6.69
2026-03-11 11:15:37,11.49,62,0.0,6.17
2026-03-11 11:30:38,11.39,62,0.0,6.17
2026-03-11 11:45:40,11.63,61,0.0,6.17
2026-03-11 12:00:41,11.8,58,0.0,6.69
2026-03-11 12:15:43,11.81,57,0.0,6.69
2026-03-11 12:30:44,11.99,56,0.0,6.69
2026-03-11 12:45:46,12.41,56,0.0,8.23
2026-03-11 13:00:47,12.64,54,0.0,7.72
2026-03-11 13:15:49,12.59,54,0.0,7.72
2026-03-11 13:30:51,12.61,54,0.0,7.72
2026-03-11 13:45:53,12.54,53,0.0,8.23
2026-03-11 14:00:55,12.83,52,0.0,8.23
2026-03-11 14:15:57,12.91,50,0.0,7.72
2026-03-11 14:30:59,12.77,51,0.0,7.72
2026-03-11 14:46:01,12.83,51,0.0,6.17
2026-03-11 15:01:03,13.07,49,0.0,6.17
2026-03-11 15:16:05,12.61,50,0.0,8.75
2026-03-11 15:31:06,12.74,51,0.0,8.75
2026-03-11 15:46:08,12.78,51,0.0,7.72
2026-03-11 16:01:11,12.59,50,0.0,7.72
2026-03-11 16:16:12,12.71,51,0.0,6.69
2026-03-11 16:31:14,12.53,52,0.0,6.69
2026-03-11 16:46:16,12.59,51,0.0,8.23
2026-03-11 17:01:19,12.01,53,0.0,8.23
2026-03-11 17:16:21,11.65,56,0.0,5.14
2026-03-11 17:31:23,11.64,56,0.0,5.14
2026-03-11 17:46:25,11.26,58,0.0,7.2
2026-03-11 18:01:27,11.14,58,0.0,7.2
2026-03-11 18:16:29,10.85,60,0.0,5.14
2026-03-11 18:31:31,10.63,60,0.0,5.14
2026-03-11 18:46:32,10.32,61,0.0,5.66
2026-03-11 19:01:33,10.18,62,0.0,5.66
2026-03-11 19:16:35,10.09,63,0.0,6.17
2026-03-11 19:31:37,9.64,65,0.0,2.24
2026-03-11 19:46:38,9.48,65,0.0,5.14
2026-03-11 20:01:39,9.39,66,0.0,5.14
2026-03-11 20:16:41,9.15,66,0.0,5.66
2026-03-11 20:31:43,8.88,67,0.0,2.68
2026-03-11 20:46:44,8.54,66,0.0,5.66
2026-03-11 21:01:45,8.54,68,0.0,5.66
2026-03-11 21:16:46,8.28,68,0.0,5.14
2026-03-11 21:31:48,8.25,68,0.0,5.14
2026-03-11 21:46:49,7.89,70,0.0,4.12
2026-03-11 22:01:50,7.91,71,0.0,4.47
2026-03-11 22:16:52,7.68,72,0.0,4.02
2026-03-11 22:31:53,7.58,73,0.0,4.02
2026-03-11 22:46:55,7.58,73,0.0,3.13
2026-03-11 23:01:56,7.38,74,0.0,3.13
2026-03-11 23:16:58,7.37,74,0.0,3.13
2026-03-11 23:31:59,7.37,74,0.0,3.13
2026-03-11 23:47:01,7.29,74,0.0,4.47
2026-03-12 00:02:02,7.28,75,0.0,4.12
2026-03-12 00:17:03,7.25,75,0.0,5.14
2026-03-12 00:32:05,7.12,76,0.0,5.14
2026-03-12 00:47:06,7.06,76,0.0,5.14
2026-03-12 01:02:08,7.02,76,0.0,5.14
2026-03-12 01:17:09,6.99,76,0.0,5.14
2026-03-12 01:32:10,6.71,78,0.0,4.12
2026-03-12 01:47:12,6.71,78,0.0,4.12
2026-03-12 02:02:13,6.85,78,0.0,4.12
2026-03-12 02:17:15,6.79,79,0.0,4.12
2026-03-12 02:32:16,6.74,79,0.0,4.12
2026-03-12 02:47:17,6.82,80,0.0,3.6
2026-03-12 03:02:19,6.82,80,0.0,4.02
2026-03-12 03:17:20,6.94,81,0.0,4.12
2026-03-12 03:32:22,7,82,0.0,4.12
2026-03-12 03:47:23,7,83,0.0,4.12
2026-03-12 04:02:25,7,83,0.0,4.47
2026-03-12 04:17:26,7.25,83,0.0,5.66
2026-03-12 04:32:27,7.25,83,0.0,5.66
2026-03-12 04:47:29,7.43,83,0.0,5.66
2026-03-12 05:02:30,7.6,83,0.0,5.66
2026-03-12 05:17:31,7.75,84,0.0,6.17
2026-03-12 05:32:33,7.81,84,0.0,6.17
2026-03-12 05:47:34,7.84,84,0.0,6.17
2026-03-12 06:02:35,7.95,83,0.0,6.17
2026-03-12 06:17:37,8.01,83,0.0,6.17
2026-03-12 06:32:38,8.08,82,0.0,6.17
2026-03-12 06:47:40,8.27,81,0.0,5.66
2026-03-12 07:02:41,8.58,81,0.0,5.66
2026-03-12 07:17:42,9.06,79,0.0,4.63
2026-03-12 07:32:44,9.09,79,0.0,4.63
2026-03-12 07:47:45,9.12,78,0.0,7.2
2026-03-12 08:02:47,9.34,77,0.0,7.2
2026-03-12 08:17:48,9.81,75,0.0,7.72
2026-03-12 08:32:50,10.16,74,0.0,7.72
2026-03-12 23:05:15,11.37,88,0.21,8.75
2026-03-12 23:20:17,11.36,88,0.0,8.75
2026-03-12 23:35:18,11.36,88,0.24,8.94
2026-03-12 23:50:19,11.29,90,0.1,9.77
2026-03-13 00:05:20,11.32,90,0.0,9.77
2026-03-13 00:20:21,11.54,89,0.0,9.77
2026-03-13 00:35:23,11.56,89,0.12,9.77
2026-03-13 00:50:24,11.52,89,0.0,8.75
2026-03-13 01:05:25,11.52,89,4.21,8.75
2026-03-13 01:20:27,11.59,89,1.78,8.23
2026-03-13 01:35:28,11.64,89,1.5,8.23
2026-03-13 01:50:29,11.68,89,1.16,8.23
2026-03-13 02:05:30,11.42,89,3.28,8.23
2026-03-13 02:20:31,11.3,89,4.86,8.23
2026-03-13 02:35:33,11.34,89,5.62,8.23
2026-03-13 02:50:34,11.1,87,0.6,9.26
2026-03-13 03:05:35,11.04,87,1.97,9.26
2026-03-13 03:20:37,10.44,87,2.43,7.15
2026-03-13 03:35:38,9.6,86,13.32,7.72
2026-03-13 03:50:39,8.69,85,0.65,3.13
2026-03-13 04:05:40,8.32,85,1.31,7.72
2026-03-13 04:20:42,7.64,85,0.0,7.72
2026-03-13 04:35:43,7.24,85,1,9.77
2026-03-13 04:50:44,6.85,84,0.0,9.77
2026-03-13 05:05:45,6.42,82,0.0,6.69
2026-03-13 05:20:47,6.42,83,0.0,6.69
2026-03-13 05:35:48,6.42,83,0.0,6.69
2026-03-13 05:50:49,6.42,82,0.0,6.17
2026-03-13 06:05:51,6.38,82,0.0,6.17
2026-03-13 06:20:52,6.41,81,0.0,5.36
2026-03-13 06:35:53,6.4,81,0.0,5.14
2026-03-13 06:50:54,6.4,81,0.0,6.69
2026-03-13 07:05:56,6.37,81,0.0,7.2
2026-03-13 07:20:57,6.37,81,0.0,7.2
2026-03-13 07:35:58,6.39,81,0.0,6.17
2026-03-13 07:50:59,6.41,80,0.0,6.17
2026-03-13 08:06:01,6.47,80,0.0,6.17
2026-03-13 08:21:02,6.48,78,0.0,5.66
2026-03-13 08:36:03,6.56,77,0.0,5.66
2026-03-13 08:51:04,6.64,76,0.0,7.2
2026-03-13 09:06:05,6.86,75,0.0,7.2
2026-03-13 09:21:07,6.95,73,0.0,6.17
2026-03-13 09:36:08,7.02,72,0.0,7.2
2026-03-13 22:22:43,4.47,80,0.0,3.09
2026-03-13 22:37:44,4.38,80,0.0,2.57
2026-03-13 22:52:46,4.33,81,0.0,2.57
2026-03-13 23:07:47,3.91,81,0.0,4.12
2026-03-13 23:22:48,3.79,81,0.0,4.12
2026-03-13 23:37:49,3.67,82,0.0,1.34
2026-03-13 23:52:51,3.41,83,0.0,2.24
2026-03-14 00:07:52,3.26,84,0.0,3.09
2026-03-14 00:22:53,3.26,84,0.0,3.09
2026-03-14 00:37:55,3.14,85,0.0,3.6
2026-03-14 00:52:56,2.94,84,0.0,3.6
2026-03-14 01:07:57,2.71,85,0.0,1.34
2026-03-14 01:22:59,2.71,86,0.0,2.24
2026-03-14 01:38:00,2.47,87,0.0,3.09
2026-03-14 01:53:01,2.45,87,0.0,3.09
2026-03-14 02:08:03,2.01,88,0.0,2.57
2026-03-14 02:23:04,2.08,88,0.0,2.57
2026-03-14 02:38:05,2.08,88,0.0,2.57
2026-03-14 02:53:06,2.09,88,0.0,3.6
2026-03-14 03:08:08,2.1,88,0.0,3.09
2026-03-14 03:23:09,1.84,88,0.0,3.09
2026-03-14 03:38:10,1.68,89,0.0,2.57
2026-03-14 03:53:12,1.78,89,0.0,2.57
2026-03-14 04:08:13,2.08,88,0.0,3.09
2026-03-14 04:23:14,2.06,88,0.0,3.13
2026-03-14 04:38:16,2.13,88,0.0,3.6
2026-03-14 04:53:17,2.15,89,0.0,3.6
2026-03-14 05:08:18,2.16,89,0.0,3.6
2026-03-14 05:23:19,2.46,88,0.0,2.57
2026-03-14 05:38:21,2.48,87,0.0,2.57
2026-03-14 05:53:22,2.31,88,0.0,2.06
2026-03-14 06:08:23,2.6,87,0.0,2.06
2026-03-14 06:23:25,2.57,87,0.0,2.06
2026-03-14 06:38:26,2.43,88,0.0,3.6
2026-03-14 06:53:27,2.27,88,0.0,3.6
2026-03-14 07:08:28,2.27,88,0.0,3.6
2026-03-14 07:23:30,2.21,89,0.0,3.6
2026-03-14 07:38:31,2.84,88,0.0,1.79
2026-03-14 07:53:32,2.99,87,0.0,3.6
2026-03-14 08:08:34,3.21,87,0.0,3.09
2026-03-14 08:23:35,3.89,86,0.0,3.09
2026-03-14 08:38:36,4.72,84,0.0,3.6
2026-03-14 08:53:37,5.23,83,0.0,3.6
2026-03-14 09:08:38,5.65,82,0.0,3.6
2026-03-14 09:23:40,6.34,79,0.0,3.58
2026-03-14 09:38:41,7.07,75,0.0,4.12
2026-03-14 09:53:42,7.32,74,0.0,4.12
2026-03-14 10:08:43,7.95,70,0.0,4.12
2026-03-15 03:32:25,2.31,81,0.0,0.89
2026-03-15 03:47:25,2.37,82,0.0,2.68
2026-03-15 04:02:26,2.41,82,0.0,3.13
2026-03-15 04:17:26,2.61,82,0.0,3.09
2026-03-15 04:32:26,2.52,83,0.0,2.24
2026-03-15 04:47:27,2.76,82,0.0,3.13
2026-03-15 05:15:33,3.13,82,0.0,2.68
2026-03-15 05:30:33,3.3,82,0.0,0.89
2026-03-15 05:45:34,3.23,82,0.0,1.79
2026-03-15 23:10:55,7.01,84,0.0,6.17
2026-03-15 23:25:57,7.05,83,0.0,6.17
2026-03-15 23:40:58,7.11,82,0.0,6.17
2026-03-15 23:56:00,7.06,81,0.0,5.14
2026-03-16 00:11:02,7.03,81,0.0,5.14
2026-03-16 00:26:03,6.78,82,0.0,6.17
2026-03-16 00:41:06,6.79,82,0.0,6.17
2026-03-16 00:56:07,6.76,82,0.0,6.17
2026-03-16 01:11:09,6.54,81,0.0,5.66
2026-03-16 01:26:10,6.51,81,0.0,5.14
2026-03-16 01:41:11,6.48,81,0.0,5.14
2026-03-16 01:56:13,6.42,80,0.0,5.14
2026-03-16 02:11:15,6.19,80,0.0,6.17
2026-03-16 02:26:17,5.89,81,0.0,2.68
2026-03-16 02:41:19,5.9,81,0.0,4.02
2026-03-16 02:56:20,5.65,81,0.0,2.68
2026-03-16 03:11:22,5.54,81,0.0,5.66
2026-03-16 03:26:23,5.49,82,0.0,5.66
2026-03-16 03:41:25,5.43,83,0.0,4.63
2026-03-16 03:56:27,5.29,83,0.0,4.63
2026-03-16 04:11:29,5.29,83,0.0,4.63
2026-03-16 04:26:31,5.27,83,0.0,3.6
2026-03-16 04:41:33,5.39,83,0.0,3.6
2026-03-16 04:56:34,5.33,83,0.0,5.14
2026-03-16 05:11:36,5.27,83,0.0,6.17
2026-03-16 05:26:38,5.34,84,0.0,6.17
2026-03-16 05:41:40,5.32,84,0.0,5.66
2026-03-16 05:56:42,5.48,84,0.0,5.14
2026-03-16 06:11:44,5.49,84,0.0,5.14
2026-03-16 06:26:45,5.53,83,0.0,5.14
2026-03-16 06:41:47,5.83,83,0.0,5.66
2026-03-16 23:14:47,10.79,83,0.0,4.63
2026-03-16 23:29:48,10.81,83,0.0,4.63
2026-03-16 23:44:50,10.74,83,0.0,4.92
2026-03-16 23:59:51,10.71,84,0.0,4.63
2026-03-17 00:14:53,10.63,84,0.0,6.17
2026-03-17 00:29:55,10.42,84,0.0,6.17
2026-03-17 00:44:57,10.56,84,0.0,6.17
2026-03-17 00:59:59,10.48,84,0.0,6.17
2026-03-17 01:15:01,10.46,84,0.0,5.81
2026-03-17 01:30:02,10.42,85,0.0,5.66
2026-03-17 01:45:03,10.31,85,0.0,5.66
2026-03-17 02:00:05,10.32,85,0.0,5.66
2026-03-17 02:15:06,10.31,85,0.0,5.14
2026-03-17 02:30:08,10.28,85,0.0,5.14
2026-03-17 02:45:10,10.07,87,0.0,5.14
2026-03-17 03:00:12,10.07,86,0.0,5.14
2026-03-17 03:15:13,10.06,87,0.0,5.14
2026-03-17 03:30:15,9.9,87,0.0,4.12
2026-03-17 03:45:17,9.94,87,0.0,4.12
2026-03-17 04:00:19,9.98,87,0.0,4.12
2026-03-17 04:15:21,9.94,86,0.0,4.63
2026-03-17 04:30:22,9.9,86,0.0,4.63
2026-03-17 04:45:24,9.91,86,0.0,4.63
2026-03-17 05:00:26,9.88,85,0.0,5.66
2026-03-17 05:15:27,9.88,85,0.0,5.66
2026-03-17 05:30:29,9.83,85,0.0,5.81
2026-03-17 05:45:31,9.92,85,0.0,4.12
2026-03-17 06:00:33,9.86,85,0.0,4.12
2026-03-17 06:15:34,9.73,85,0.0,4.12
2026-03-17 06:30:36,9.73,85,0.0,4.12
2026-03-17 06:45:38,9.75,85,0.0,5.66
2026-03-17 07:00:39,9.68,86,0.0,5.66
2026-03-17 07:15:41,9.72,86,0.0,5.14
2026-03-17 07:30:43,9.66,86,0.0,4.63
2026-03-17 07:45:45,9.72,86,0.0,4.63
2026-03-17 08:00:47,9.68,86,0.0,4.63
2026-03-17 08:15:48,9.69,86,0.0,5.66
2026-03-17 08:30:50,9.66,86,0.0,5.66
2026-03-17 08:45:52,9.79,86,0.0,5.66
2026-03-17 09:00:53,9.79,85,0.0,4.63
2026-03-17 09:15:55,9.85,84,0.0,4.63
2026-03-17 09:30:57,10.05,84,0.0,6.17
2026-03-17 09:45:59,10.12,83,0.0,6.17
2026-03-17 10:01:01,10.12,83,0.0,6.17
2026-03-17 10:16:03,10.25,82,0.0,5.14
2026-03-17 10:31:04,10.54,80,0.0,5.14
2026-03-17 10:46:06,10.7,79,0.0,5.14
2026-03-17 11:01:08,10.8,79,0.0,5.14
2026-03-17 11:16:10,11.89,75,0.0,6.69
2026-03-17 11:31:11,12.12,74,0.0,6.69
2026-03-17 11:46:13,12.55,73,0.0,5.14
2026-03-17 12:01:14,13.01,71,0.0,5.14
2026-03-17 12:16:16,13.75,69,0.0,5.14
2026-03-17 12:31:18,13.92,68,0.0,5.14
2026-03-17 12:46:20,14.24,67,0.0,5.66
2026-03-17 13:01:21,14.58,65,0.0,5.66
2026-03-17 13:16:23,14.6,65,0.0,4.63
2026-03-17 13:31:25,14.71,64,0.0,5.66
2026-03-17 13:46:26,14.82,64,0.0,5.66
2026-03-17 14:01:27,15.11,63,0.0,3.58
2026-03-17 14:16:29,15.13,61,0.0,4.63
2026-03-17 14:31:31,15.17,61,0.0,4.63
2026-03-17 14:46:32,15.21,61,0.0,4.92
2026-03-17 15:01:34,15.25,60,0.0,4.63
2026-03-17 15:16:36,15.11,60,0.0,4.47
2026-03-17 15:31:38,14.95,60,0.0,4.12
2026-03-17 15:46:40,14.83,60,0.0,5.14
2026-03-17 16:01:42,14.77,59,0.0,5.14
2026-03-17 16:16:43,14.64,59,0.0,4.12
2026-03-17 16:31:45,14.4,59,0.0,4.12
2026-03-17 16:46:47,14.39,59,0.0,4.63
2026-03-17 17:01:49,13.83,62,0.0,5.14
2026-03-17 17:16:50,13.7,62,0.0,5.14
2026-03-17 17:31:51,13.5,64,0.0,5.14
2026-03-17 17:46:53,13.43,65,0.0,5.14
2026-03-17 18:01:55,12.95,66,0.0,3.6
2026-03-17 18:16:56,12.94,67,0.0,3.6
2026-03-17 18:31:58,12.88,67,0.0,4.47
2026-03-17 18:47:00,12.23,70,0.0,2.57
2026-03-17 19:02:02,12.25,70,0.0,2.57
2026-03-17 19:17:03,12.24,70,0.0,2.57
2026-03-17 19:32:05,11.91,72,0.0,3.13
2026-03-17 19:47:07,11.51,74,0.0,2.06
2026-03-17 20:02:08,11.43,74,0.0,2.06
2026-03-17 20:17:10,11.08,75,0.0,2.06
2026-03-17 20:32:12,10.71,76,0.0,2.06
2026-03-17 20:47:13,10.56,77,0.0,2.06
2026-03-17 21:02:15,10.21,78,0.0,1.54
2026-03-17 21:17:17,10,78,0.0,1.54
2026-03-17 21:32:18,9.79,79,0.0,1.54
2026-03-17 21:47:20,9.48,80,0.0,1.54
2026-03-17 22:02:22,9.69,80,0.0,1.54
2026-03-17 22:17:24,9.01,81,0.0,2.06
2026-03-17 22:32:25,9.43,80,0.0,2.06
2026-03-17 22:47:26,9.45,80,0.0,3.09
2026-03-17 23:02:28,9.66,80,0.0,2.57
2026-03-17 23:17:29,9.55,80,0.0,2.57
2026-03-17 23:32:31,9.52,80,0.0,2.57
2026-03-17 23:47:33,9.22,80,0.0,2.57
2026-03-18 00:02:35,9.08,81,0.0,2.57
2026-03-18 00:17:36,9,82,0.0,2.57
2026-03-18 00:32:37,8.92,82,0.0,3.09
2026-03-18 00:47:39,8.78,82,0.0,3.09
2026-03-18 01:02:40,8.59,83,0.0,3.6
2026-03-18 01:17:42,8.37,84,0.0,3.6
2026-03-18 01:32:45,8.38,84,0.0,3.6
2026-03-18 01:47:47,8.42,84,0.0,3.09
2026-03-18 02:02:48,8.34,84,0.0,3.09
2026-03-18 02:17:50,8.13,85,0.0,3.6
2026-03-18 02:32:51,8.01,86,0.0,3.6
2026-03-18 02:47:53,8.18,85,0.0,4.12
2026-03-18 03:02:54,8.15,85,0.0,3.6
2026-03-18 03:17:56,7.86,86,0.0,3.6
2026-03-18 03:32:58,7.67,87,0.0,3.6
2026-03-18 03:48:00,7.82,87,0.0,2.57
2026-03-18 04:03:01,7.99,86,0.0,2.57
2026-03-18 04:18:02,7.52,87,0.0,2.57
2026-03-18 04:33:04,7.53,88,0.0,1.54
2026-03-18 04:48:05,7.43,88,0.0,1.54
2026-03-18 05:03:07,7.18,88,0.0,1.54
2026-03-18 05:18:09,7.02,89,0.0,2.57
2026-03-18 05:33:11,6.95,89,0.0,1.03
2026-03-18 05:48:13,6.89,89,0.0,1.03
2026-03-18 06:03:14,6.84,89,0.0,1.03
2026-03-18 06:18:16,7,89,0.0,2.06
2026-03-18 06:33:17,6.95,89,0.0,2.06
2026-03-18 06:48:19,6.96,89,0.0,2.06
2026-03-18 07:03:21,7.25,89,0.0,2.06
2026-03-18 07:18:22,7.23,89,0.0,2.06
2026-03-18 07:33:24,7.81,89,0.0,2.06
2026-03-18 07:48:25,9.01,85,0.0,1.54
2026-03-18 08:03:27,9.6,84,0.0,1.54
2026-03-18 08:18:28,10.16,82,0.0,3.09
2026-03-18 08:33:29,10.86,80,0.0,4.12
2026-03-18 08:48:31,11.35,79,0.0,4.12
2026-03-18 09:03:33,12.24,75,0.0,4.12
2026-03-18 09:18:35,12.58,74,0.0,4.12
2026-03-18 09:33:36,13.21,71,0.0,4.12
2026-03-18 23:44:45,7.56,75,0.0,3.6
2026-03-18 23:59:46,7.61,75,0.0,3.6
2026-03-19 00:14:48,7.36,76,0.0,1.54
2026-03-19 00:29:50,7.21,76,0.0,1.54
2026-03-19 00:44:52,7.06,77,0.0,1.54
2026-03-19 00:59:54,6.92,78,0.0,1.54
2026-03-19 01:14:56,6.86,78,0.0,1.54
2026-03-19 01:29:57,6.69,79,0.0,1.54
2026-03-19 01:44:59,6.75,78,0.0,1.54
2026-03-19 02:00:00,6.47,80,0.0,1.54
2026-03-19 02:15:02,6.31,81,0.0,1.54
2026-03-19 02:30:03,6.28,81,0.0,1.03
2026-03-19 02:45:05,6.28,82,0.0,1.03
2026-03-19 03:00:07,6.28,82,0.0,1.03
2026-03-19 03:15:08,6.05,82,0.0,0.89
2026-03-19 03:30:10,6.07,83,0.0,0.51
2026-03-19 03:45:11,5.94,84,0.0,0.51
2026-03-19 04:00:13,5.87,83,0.0,1.03
2026-03-19 04:15:15,5.81,84,0.0,1.03
2026-03-19 04:30:16,5.92,84,0.0,1.03
2026-03-19 04:45:18,5.78,84,0.0,1.03
2026-03-19 05:00:20,5.72,84,0.0,1.03
2026-03-19 05:15:21,5.61,85,0.0,1.03
2026-03-19 05:30:23,5.68,85,0.0,1.03
2026-03-19 05:45:25,5.36,85,0.0,2.06
2026-03-19 06:00:26,5.19,85,0.0,2.06
2026-03-19 06:15:28,5.01,86,0.0,1.54
2026-03-19 06:30:30,4.95,86,0.0,1.54
2026-03-19 06:45:32,5.35,85,0.0,1.54
2026-03-19 07:00:33,5.38,85,0.0,1.54
2026-03-19 07:15:34,5.58,86,0.0,1.54
2026-03-19 07:30:36,6.01,84,0.0,1.54
2026-03-19 07:45:37,5.99,83,0.0,1.79
2026-03-19 08:00:39,7.54,77,0.0,2.24
2026-03-19 08:15:41,7.71,81,0.0,1.79
2026-03-19 08:30:43,8.35,78,0.0,1.03
2026-03-19 08:45:45,9.13,77,0.0,2.06
2026-03-19 09:00:46,10.18,74,0.0,1.34
